{
  "pipelineConfig" : {
    "schemaVersion" : 6,
    "version" : 10,
    "pipelineId" : "ESMETRICBEATSYSTEMESTransfer40674b7f-6666-484f-a8b1-86bc61b0eb9a",
    "title" : "ES_METRICBEAT_SYSTEM ES Transfer",
    "description" : "",
    "uuid" : "8535665e-eba3-494f-8f22-448d4f17efe4",
    "configuration" : [ {
      "name" : "executionMode",
      "value" : "STANDALONE"
    }, {
      "name" : "edgeHttpUrl",
      "value" : "http://localhost:18633"
    }, {
      "name" : "deliveryGuarantee",
      "value" : "AT_LEAST_ONCE"
    }, {
      "name" : "testOriginStage",
      "value" : "streamsets-datacollector-dev-lib::com_streamsets_pipeline_stage_devtest_rawdata_RawDataDSource::3"
    }, {
      "name" : "startEventStage",
      "value" : "streamsets-datacollector-basic-lib::com_streamsets_pipeline_stage_destination_devnull_ToErrorNullDTarget::1"
    }, {
      "name" : "stopEventStage",
      "value" : "streamsets-datacollector-basic-lib::com_streamsets_pipeline_stage_destination_devnull_ToErrorNullDTarget::1"
    }, {
      "name" : "shouldRetry",
      "value" : true
    }, {
      "name" : "retryAttempts",
      "value" : -1
    }, {
      "name" : "memoryLimit",
      "value" : "${jvm:maxMemoryMB() * 0.85}"
    }, {
      "name" : "memoryLimitExceeded",
      "value" : "LOG"
    }, {
      "name" : "notifyOnStates",
      "value" : [ "RUN_ERROR", "STOPPED", "FINISHED" ]
    }, {
      "name" : "emailIDs",
      "value" : [ ]
    }, {
      "name" : "constants",
      "value" : [ ]
    }, {
      "name" : "badRecordsHandling",
      "value" : "streamsets-datacollector-basic-lib::com_streamsets_pipeline_stage_destination_devnull_ToErrorNullDTarget::1"
    }, {
      "name" : "errorRecordPolicy",
      "value" : "ORIGINAL_RECORD"
    }, {
      "name" : "statsAggregatorStage",
      "value" : "streamsets-datacollector-basic-lib::com_streamsets_pipeline_stage_destination_devnull_StatsDpmDirectlyDTarget::1"
    }, {
      "name" : "workerCount",
      "value" : 0
    }, {
      "name" : "clusterSlaveMemory",
      "value" : 2048
    }, {
      "name" : "clusterSlaveJavaOpts",
      "value" : "-XX:+UseConcMarkSweepGC -XX:+UseParNewGC -Dlog4j.debug"
    }, {
      "name" : "clusterLauncherEnv",
      "value" : [ ]
    }, {
      "name" : "mesosDispatcherURL",
      "value" : null
    }, {
      "name" : "logLevel",
      "value" : "INFO"
    }, {
      "name" : "hdfsS3ConfDir",
      "value" : null
    }, {
      "name" : "rateLimit",
      "value" : 0
    }, {
      "name" : "maxRunners",
      "value" : 0
    }, {
      "name" : "shouldCreateFailureSnapshot",
      "value" : true
    }, {
      "name" : "runnerIdleTIme",
      "value" : 60
    }, {
      "name" : "webhookConfigs",
      "value" : [ ]
    }, {
      "name" : "sparkConfigs",
      "value" : [ ]
    }, {
      "name" : "amazonEMRConfig.userRegion",
      "value" : null
    }, {
      "name" : "amazonEMRConfig.userRegionCustom",
      "value" : null
    }, {
      "name" : "amazonEMRConfig.accessKey",
      "value" : null
    }, {
      "name" : "amazonEMRConfig.secretKey",
      "value" : null
    }, {
      "name" : "amazonEMRConfig.s3StagingUri",
      "value" : null
    }, {
      "name" : "amazonEMRConfig.provisionNewCluster",
      "value" : false
    }, {
      "name" : "amazonEMRConfig.clusterId",
      "value" : null
    }, {
      "name" : "amazonEMRConfig.clusterPrefix",
      "value" : null
    }, {
      "name" : "amazonEMRConfig.terminateCluster",
      "value" : false
    }, {
      "name" : "amazonEMRConfig.loggingEnabled",
      "value" : true
    }, {
      "name" : "amazonEMRConfig.s3LogUri",
      "value" : null
    }, {
      "name" : "amazonEMRConfig.enableEMRDebugging",
      "value" : true
    }, {
      "name" : "amazonEMRConfig.serviceRole",
      "value" : "EMR_DefaultRole"
    }, {
      "name" : "amazonEMRConfig.jobFlowRole",
      "value" : "EMR_EC2_DefaultRole"
    }, {
      "name" : "amazonEMRConfig.visibleToAllUsers",
      "value" : true
    }, {
      "name" : "amazonEMRConfig.ec2SubnetId",
      "value" : null
    }, {
      "name" : "amazonEMRConfig.masterSecurityGroup",
      "value" : null
    }, {
      "name" : "amazonEMRConfig.slaveSecurityGroup",
      "value" : null
    }, {
      "name" : "amazonEMRConfig.instanceCount",
      "value" : 2
    }, {
      "name" : "amazonEMRConfig.masterInstanceType",
      "value" : null
    }, {
      "name" : "amazonEMRConfig.masterInstanceTypeCustom",
      "value" : null
    }, {
      "name" : "amazonEMRConfig.slaveInstanceType",
      "value" : null
    }, {
      "name" : "amazonEMRConfig.slaveInstanceTypeCustom",
      "value" : null
    } ],
    "uiInfo" : {
      "previewConfig" : {
        "previewSource" : "CONFIGURED_SOURCE",
        "batchSize" : 10,
        "timeout" : 30000,
        "writeToDestinations" : false,
        "executeLifecycleEvents" : false,
        "showHeader" : false,
        "showFieldType" : true,
        "rememberMe" : false
      }
    },
    "fragments" : [ ],
    "stages" : [ {
      "instanceName" : "KafkaMultitopicConsumer_01",
      "library" : "streamsets-datacollector-apache-kafka_2_0-lib",
      "stageName" : "com_streamsets_pipeline_stage_origin_multikafka_MultiKafkaDSource",
      "stageVersion" : "1",
      "configuration" : [ {
        "name" : "conf.dataFormatConfig.compression",
        "value" : "NONE"
      }, {
        "name" : "conf.dataFormatConfig.filePatternInArchive",
        "value" : "*"
      }, {
        "name" : "conf.dataFormatConfig.charset",
        "value" : "UTF-8"
      }, {
        "name" : "conf.dataFormatConfig.removeCtrlChars",
        "value" : false
      }, {
        "name" : "conf.dataFormatConfig.textMaxLineLen",
        "value" : 1024
      }, {
        "name" : "conf.dataFormatConfig.useCustomDelimiter",
        "value" : false
      }, {
        "name" : "conf.dataFormatConfig.customDelimiter",
        "value" : "\\r\\n"
      }, {
        "name" : "conf.dataFormatConfig.includeCustomDelimiterInTheText",
        "value" : false
      }, {
        "name" : "conf.dataFormatConfig.jsonContent",
        "value" : "MULTIPLE_OBJECTS"
      }, {
        "name" : "conf.dataFormatConfig.jsonMaxObjectLen",
        "value" : 16384
      }, {
        "name" : "conf.dataFormatConfig.csvFileFormat",
        "value" : "CSV"
      }, {
        "name" : "conf.dataFormatConfig.csvHeader",
        "value" : "NO_HEADER"
      }, {
        "name" : "conf.dataFormatConfig.csvAllowExtraColumns",
        "value" : false
      }, {
        "name" : "conf.dataFormatConfig.csvExtraColumnPrefix",
        "value" : "_extra_"
      }, {
        "name" : "conf.dataFormatConfig.csvMaxObjectLen",
        "value" : 1024
      }, {
        "name" : "conf.dataFormatConfig.csvCustomDelimiter",
        "value" : "|"
      }, {
        "name" : "conf.dataFormatConfig.csvCustomEscape",
        "value" : "\\"
      }, {
        "name" : "conf.dataFormatConfig.csvCustomQuote",
        "value" : "\""
      }, {
        "name" : "conf.dataFormatConfig.csvEnableComments",
        "value" : false
      }, {
        "name" : "conf.dataFormatConfig.csvCommentMarker",
        "value" : "#"
      }, {
        "name" : "conf.dataFormatConfig.csvIgnoreEmptyLines",
        "value" : true
      }, {
        "name" : "conf.dataFormatConfig.csvRecordType",
        "value" : "LIST_MAP"
      }, {
        "name" : "conf.dataFormatConfig.csvSkipStartLines",
        "value" : 0
      }, {
        "name" : "conf.dataFormatConfig.parseNull",
        "value" : false
      }, {
        "name" : "conf.dataFormatConfig.nullConstant",
        "value" : "\\\\N"
      }, {
        "name" : "conf.dataFormatConfig.xmlRecordElement",
        "value" : null
      }, {
        "name" : "conf.dataFormatConfig.includeFieldXpathAttributes",
        "value" : false
      }, {
        "name" : "conf.dataFormatConfig.xPathNamespaceContext",
        "value" : [ ]
      }, {
        "name" : "conf.dataFormatConfig.outputFieldAttributes",
        "value" : false
      }, {
        "name" : "conf.dataFormatConfig.xmlMaxObjectLen",
        "value" : 4096
      }, {
        "name" : "conf.dataFormatConfig.logMode",
        "value" : "COMMON_LOG_FORMAT"
      }, {
        "name" : "conf.dataFormatConfig.logMaxObjectLen",
        "value" : 1024
      }, {
        "name" : "conf.dataFormatConfig.retainOriginalLine",
        "value" : false
      }, {
        "name" : "conf.dataFormatConfig.customLogFormat",
        "value" : "%h %l %u %t \"%r\" %>s %b"
      }, {
        "name" : "conf.dataFormatConfig.regex",
        "value" : "^(\\S+) (\\S+) (\\S+) \\[([\\w:/]+\\s[+\\-]\\d{4})\\] \"(\\S+) (\\S+) (\\S+)\" (\\d{3}) (\\d+)"
      }, {
        "name" : "conf.dataFormatConfig.fieldPathsToGroupName",
        "value" : [ {
          "fieldPath" : "/",
          "group" : 1
        } ]
      }, {
        "name" : "conf.dataFormatConfig.grokPatternDefinition",
        "value" : null
      }, {
        "name" : "conf.dataFormatConfig.grokPattern",
        "value" : "%{COMMONAPACHELOG}"
      }, {
        "name" : "conf.dataFormatConfig.onParseError",
        "value" : "ERROR"
      }, {
        "name" : "conf.dataFormatConfig.maxStackTraceLines",
        "value" : 50
      }, {
        "name" : "conf.dataFormatConfig.enableLog4jCustomLogFormat",
        "value" : false
      }, {
        "name" : "conf.dataFormatConfig.log4jCustomLogFormat",
        "value" : "%r [%t] %-5p %c %x - %m%n"
      }, {
        "name" : "conf.dataFormatConfig.avroSchemaSource",
        "value" : null
      }, {
        "name" : "conf.dataFormatConfig.avroSchema",
        "value" : null
      }, {
        "name" : "conf.dataFormatConfig.schemaRegistryUrls",
        "value" : [ ]
      }, {
        "name" : "conf.dataFormatConfig.schemaLookupMode",
        "value" : "SUBJECT"
      }, {
        "name" : "conf.dataFormatConfig.subject",
        "value" : null
      }, {
        "name" : "conf.dataFormatConfig.schemaId",
        "value" : null
      }, {
        "name" : "conf.dataFormatConfig.protoDescriptorFile",
        "value" : null
      }, {
        "name" : "conf.dataFormatConfig.messageType",
        "value" : null
      }, {
        "name" : "conf.dataFormatConfig.isDelimited",
        "value" : true
      }, {
        "name" : "conf.dataFormatConfig.binaryMaxObjectLen",
        "value" : 1024
      }, {
        "name" : "conf.dataFormatConfig.datagramMode",
        "value" : "SYSLOG"
      }, {
        "name" : "conf.dataFormatConfig.typesDbPath",
        "value" : null
      }, {
        "name" : "conf.dataFormatConfig.convertTime",
        "value" : false
      }, {
        "name" : "conf.dataFormatConfig.excludeInterval",
        "value" : true
      }, {
        "name" : "conf.dataFormatConfig.authFilePath",
        "value" : null
      }, {
        "name" : "conf.dataFormatConfig.netflowOutputValuesMode",
        "value" : "RAW_AND_INTERPRETED"
      }, {
        "name" : "conf.dataFormatConfig.maxTemplateCacheSize",
        "value" : -1
      }, {
        "name" : "conf.dataFormatConfig.templateCacheTimeoutMs",
        "value" : -1
      }, {
        "name" : "conf.dataFormatConfig.netflowOutputValuesModeDatagram",
        "value" : "RAW_AND_INTERPRETED"
      }, {
        "name" : "conf.dataFormatConfig.maxTemplateCacheSizeDatagram",
        "value" : -1
      }, {
        "name" : "conf.dataFormatConfig.templateCacheTimeoutMsDatagram",
        "value" : -1
      }, {
        "name" : "conf.dataFormatConfig.wholeFileMaxObjectLen",
        "value" : 8192
      }, {
        "name" : "conf.dataFormatConfig.rateLimit",
        "value" : "-1"
      }, {
        "name" : "conf.dataFormatConfig.verifyChecksum",
        "value" : false
      }, {
        "name" : "conf.dataFormatConfig.excelHeader",
        "value" : null
      }, {
        "name" : "conf.dataFormat",
        "value" : "JSON"
      }, {
        "name" : "conf.brokerURI",
        "value" : "kafka:29092"
      }, {
        "name" : "conf.consumerGroup",
        "value" : "streamsetsDataCollector_es_metricbeat_system_topics"
      }, {
        "name" : "conf.topicList",
        "value" : [ "ES_METRICBEAT_SYSTEM_CORE", "ES_METRICBEAT_SYSTEM_CPU", "ES_METRICBEAT_SYSTEM_DISKIO", "ES_METRICBEAT_SYSTEM_FILESYSTEM", "ES_METRICBEAT_SYSTEM_FSSTAT", "ES_METRICBEAT_SYSTEM_LOAD", "ES_METRICBEAT_SYSTEM_MEMORY", "ES_METRICBEAT_SYSTEM_NETWORK", "ES_METRICBEAT_SYSTEM_PROCESS", "ES_METRICBEAT_SYSTEM_PROCESS_SUMMARY", "ES_METRICBEAT_SYSTEM_SOCKET", "ES_METRICBEAT_SYSTEM_UPTIME" ]
      }, {
        "name" : "conf.produceSingleRecordPerMessage",
        "value" : false
      }, {
        "name" : "conf.numberOfThreads",
        "value" : 12
      }, {
        "name" : "conf.maxBatchSize",
        "value" : 1000
      }, {
        "name" : "conf.batchWaitTime",
        "value" : 2000
      }, {
        "name" : "conf.kafkaOptions",
        "value" : [ ]
      }, {
        "name" : "conf.keyDeserializer",
        "value" : "STRING"
      }, {
        "name" : "conf.valueDeserializer",
        "value" : "DEFAULT"
      }, {
        "name" : "stageOnRecordError",
        "value" : "TO_ERROR"
      } ],
      "uiInfo" : {
        "yPos" : 50,
        "stageType" : "SOURCE",
        "rawSource" : {
          "configuration" : [ {
            "name" : "brokerHost",
            "value" : "localhost"
          }, {
            "name" : "brokerPort",
            "value" : 9092
          }, {
            "name" : "topic",
            "value" : "myTopic"
          }, {
            "name" : "pollTimeout",
            "value" : 1000
          } ]
        },
        "description" : "",
        "label" : "Metricbeat System Topics Consumer",
        "xPos" : 60
      },
      "inputLanes" : [ ],
      "outputLanes" : [ "KafkaMultitopicConsumer_01OutputLane15387424153830" ],
      "eventLanes" : [ ],
      "services" : [ ]
    }, {
      "instanceName" : "StreamSelector_02",
      "library" : "streamsets-datacollector-basic-lib",
      "stageName" : "com_streamsets_pipeline_stage_processor_selector_SelectorDProcessor",
      "stageVersion" : "1",
      "configuration" : [ {
        "name" : "lanePredicates",
        "value" : [ {
          "outputLane" : "StreamSelector_02OutputLane15387593373180",
          "predicate" : "${record:value('/metricset_name')==\"core\"}"
        }, {
          "outputLane" : "StreamSelector_02OutputLane15387593373181",
          "predicate" : "${record:value('/metricset_name')==\"cpu\"}"
        }, {
          "outputLane" : "StreamSelector_02OutputLane15387593373182",
          "predicate" : "${record:value('/metricset_name')==\"diskio\"}"
        }, {
          "outputLane" : "StreamSelector_02OutputLane15387593373183",
          "predicate" : "${record:value('/metricset_name')==\"filesystem\"}"
        }, {
          "outputLane" : "StreamSelector_02OutputLane15387593373184",
          "predicate" : "${record:value('/metricset_name')==\"fsstat\"}"
        }, {
          "outputLane" : "StreamSelector_02OutputLane15387593373185",
          "predicate" : "${record:value('/metricset_name')==\"load\"}"
        }, {
          "outputLane" : "StreamSelector_02OutputLane15387593373186",
          "predicate" : "${record:value('/metricset_name')==\"memory\"}"
        }, {
          "outputLane" : "StreamSelector_02OutputLane15387593373187",
          "predicate" : "${record:value('/metricset_name')==\"network\"}"
        }, {
          "outputLane" : "StreamSelector_02OutputLane15387593373188",
          "predicate" : "${record:value('/metricset_name')==\"process_summary\"}"
        }, {
          "outputLane" : "StreamSelector_02OutputLane15387593373189",
          "predicate" : "${record:value('/metricset_name')==\"process\"}"
        }, {
          "outputLane" : "StreamSelector_02OutputLane153875933731810",
          "predicate" : "${record:value('/metricset_name')==\"socket\"}"
        }, {
          "outputLane" : "StreamSelector_02OutputLane153875933731811",
          "predicate" : "${record:value('/metricset_name')==\"uptime\"}"
        }, {
          "outputLane" : "StreamSelector_02OutputLane153875933731812",
          "predicate" : "default"
        } ]
      }, {
        "name" : "stageOnRecordError",
        "value" : "TO_ERROR"
      }, {
        "name" : "stageRequiredFields",
        "value" : [ ]
      }, {
        "name" : "stageRecordPreconditions",
        "value" : [ ]
      } ],
      "uiInfo" : {
        "description" : "",
        "label" : "Stream Selector 2",
        "xPos" : 280,
        "yPos" : 440,
        "stageType" : "PROCESSOR"
      },
      "inputLanes" : [ "KafkaMultitopicConsumer_01OutputLane15387424153830" ],
      "outputLanes" : [ "StreamSelector_02OutputLane15387593373180", "StreamSelector_02OutputLane15387593373181", "StreamSelector_02OutputLane15387593373182", "StreamSelector_02OutputLane15387593373183", "StreamSelector_02OutputLane15387593373184", "StreamSelector_02OutputLane15387593373185", "StreamSelector_02OutputLane15387593373186", "StreamSelector_02OutputLane15387593373187", "StreamSelector_02OutputLane15387593373188", "StreamSelector_02OutputLane15387593373189", "StreamSelector_02OutputLane153875933731810", "StreamSelector_02OutputLane153875933731811", "StreamSelector_02OutputLane153875933731812" ],
      "eventLanes" : [ ],
      "services" : [ ]
    }, {
      "instanceName" : "Elasticsearch_01",
      "library" : "streamsets-datacollector-elasticsearch_5-lib",
      "stageName" : "com_streamsets_pipeline_stage_destination_elasticsearch_ElasticSearchDTarget",
      "stageVersion" : "8",
      "configuration" : [ {
        "name" : "elasticSearchConfig.timeDriver",
        "value" : "${time:now()}"
      }, {
        "name" : "elasticSearchConfig.timeZoneID",
        "value" : "UTC"
      }, {
        "name" : "elasticSearchConfig.indexTemplate",
        "value" : "es_metricbeat_system_core"
      }, {
        "name" : "elasticSearchConfig.typeTemplate",
        "value" : "metrics-type"
      }, {
        "name" : "elasticSearchConfig.docIdTemplate",
        "value" : null
      }, {
        "name" : "elasticSearchConfig.parentIdTemplate",
        "value" : null
      }, {
        "name" : "elasticSearchConfig.routingTemplate",
        "value" : null
      }, {
        "name" : "elasticSearchConfig.charset",
        "value" : "UTF-8"
      }, {
        "name" : "elasticSearchConfig.defaultOperation",
        "value" : "INDEX"
      }, {
        "name" : "elasticSearchConfig.unsupportedAction",
        "value" : "DISCARD"
      }, {
        "name" : "elasticSearchConfig.securityConfig.securityUser",
        "value" : "username:password"
      }, {
        "name" : "elasticSearchConfig.securityConfig.sslTrustStorePath",
        "value" : null
      }, {
        "name" : "elasticSearchConfig.securityConfig.sslTrustStorePassword",
        "value" : null
      }, {
        "name" : "elasticSearchConfig.httpUris",
        "value" : [ "elasticsearch:9200" ]
      }, {
        "name" : "elasticSearchConfig.params",
        "value" : [ ]
      }, {
        "name" : "elasticSearchConfig.clientSniff",
        "value" : false
      }, {
        "name" : "elasticSearchConfig.useSecurity",
        "value" : false
      }, {
        "name" : "stageOnRecordError",
        "value" : "TO_ERROR"
      }, {
        "name" : "stageRequiredFields",
        "value" : [ ]
      }, {
        "name" : "stageRecordPreconditions",
        "value" : [ ]
      } ],
      "uiInfo" : {
        "description" : "",
        "label" : "es_metricbeat_ system_core",
        "xPos" : 500,
        "yPos" : 40,
        "stageType" : "TARGET"
      },
      "inputLanes" : [ "StreamSelector_02OutputLane15387593373180" ],
      "outputLanes" : [ ],
      "eventLanes" : [ ],
      "services" : [ ]
    }, {
      "instanceName" : "Elasticsearch_02",
      "library" : "streamsets-datacollector-elasticsearch_5-lib",
      "stageName" : "com_streamsets_pipeline_stage_destination_elasticsearch_ElasticSearchDTarget",
      "stageVersion" : "8",
      "configuration" : [ {
        "name" : "elasticSearchConfig.timeDriver",
        "value" : "${time:now()}"
      }, {
        "name" : "elasticSearchConfig.timeZoneID",
        "value" : "UTC"
      }, {
        "name" : "elasticSearchConfig.indexTemplate",
        "value" : "es_metricbeat_system_cpu"
      }, {
        "name" : "elasticSearchConfig.typeTemplate",
        "value" : "metrics-type"
      }, {
        "name" : "elasticSearchConfig.docIdTemplate",
        "value" : null
      }, {
        "name" : "elasticSearchConfig.parentIdTemplate",
        "value" : null
      }, {
        "name" : "elasticSearchConfig.routingTemplate",
        "value" : null
      }, {
        "name" : "elasticSearchConfig.charset",
        "value" : "UTF-8"
      }, {
        "name" : "elasticSearchConfig.defaultOperation",
        "value" : "INDEX"
      }, {
        "name" : "elasticSearchConfig.unsupportedAction",
        "value" : "DISCARD"
      }, {
        "name" : "elasticSearchConfig.securityConfig.securityUser",
        "value" : "username:password"
      }, {
        "name" : "elasticSearchConfig.securityConfig.sslTrustStorePath",
        "value" : null
      }, {
        "name" : "elasticSearchConfig.securityConfig.sslTrustStorePassword",
        "value" : null
      }, {
        "name" : "elasticSearchConfig.httpUris",
        "value" : [ "elasticsearch:9200" ]
      }, {
        "name" : "elasticSearchConfig.params",
        "value" : [ ]
      }, {
        "name" : "elasticSearchConfig.clientSniff",
        "value" : false
      }, {
        "name" : "elasticSearchConfig.useSecurity",
        "value" : false
      }, {
        "name" : "stageOnRecordError",
        "value" : "TO_ERROR"
      }, {
        "name" : "stageRequiredFields",
        "value" : [ ]
      }, {
        "name" : "stageRecordPreconditions",
        "value" : [ ]
      } ],
      "uiInfo" : {
        "description" : "",
        "label" : "es_metricbeat_ system_cpu",
        "xPos" : 500,
        "yPos" : 170,
        "stageType" : "TARGET"
      },
      "inputLanes" : [ "StreamSelector_02OutputLane15387593373181" ],
      "outputLanes" : [ ],
      "eventLanes" : [ ],
      "services" : [ ]
    }, {
      "instanceName" : "Elasticsearch_03",
      "library" : "streamsets-datacollector-elasticsearch_5-lib",
      "stageName" : "com_streamsets_pipeline_stage_destination_elasticsearch_ElasticSearchDTarget",
      "stageVersion" : "8",
      "configuration" : [ {
        "name" : "elasticSearchConfig.timeDriver",
        "value" : "${time:now()}"
      }, {
        "name" : "elasticSearchConfig.timeZoneID",
        "value" : "UTC"
      }, {
        "name" : "elasticSearchConfig.indexTemplate",
        "value" : "es_metricbeat_system_diskio"
      }, {
        "name" : "elasticSearchConfig.typeTemplate",
        "value" : "metrics-type"
      }, {
        "name" : "elasticSearchConfig.docIdTemplate",
        "value" : null
      }, {
        "name" : "elasticSearchConfig.parentIdTemplate",
        "value" : null
      }, {
        "name" : "elasticSearchConfig.routingTemplate",
        "value" : null
      }, {
        "name" : "elasticSearchConfig.charset",
        "value" : "UTF-8"
      }, {
        "name" : "elasticSearchConfig.defaultOperation",
        "value" : "INDEX"
      }, {
        "name" : "elasticSearchConfig.unsupportedAction",
        "value" : "DISCARD"
      }, {
        "name" : "elasticSearchConfig.securityConfig.securityUser",
        "value" : "username:password"
      }, {
        "name" : "elasticSearchConfig.securityConfig.sslTrustStorePath",
        "value" : null
      }, {
        "name" : "elasticSearchConfig.securityConfig.sslTrustStorePassword",
        "value" : null
      }, {
        "name" : "elasticSearchConfig.httpUris",
        "value" : [ "elasticsearch:9200" ]
      }, {
        "name" : "elasticSearchConfig.params",
        "value" : [ ]
      }, {
        "name" : "elasticSearchConfig.clientSniff",
        "value" : false
      }, {
        "name" : "elasticSearchConfig.useSecurity",
        "value" : false
      }, {
        "name" : "stageOnRecordError",
        "value" : "TO_ERROR"
      }, {
        "name" : "stageRequiredFields",
        "value" : [ ]
      }, {
        "name" : "stageRecordPreconditions",
        "value" : [ ]
      } ],
      "uiInfo" : {
        "description" : "",
        "label" : "es_metricbeat_ system_diskio",
        "xPos" : 500,
        "yPos" : 300,
        "stageType" : "TARGET"
      },
      "inputLanes" : [ "StreamSelector_02OutputLane15387593373182" ],
      "outputLanes" : [ ],
      "eventLanes" : [ ],
      "services" : [ ]
    }, {
      "instanceName" : "Elasticsearch_04",
      "library" : "streamsets-datacollector-elasticsearch_5-lib",
      "stageName" : "com_streamsets_pipeline_stage_destination_elasticsearch_ElasticSearchDTarget",
      "stageVersion" : "8",
      "configuration" : [ {
        "name" : "elasticSearchConfig.timeDriver",
        "value" : "${time:now()}"
      }, {
        "name" : "elasticSearchConfig.timeZoneID",
        "value" : "UTC"
      }, {
        "name" : "elasticSearchConfig.indexTemplate",
        "value" : "es_metricbeat_system_filesystem"
      }, {
        "name" : "elasticSearchConfig.typeTemplate",
        "value" : "metrics-type"
      }, {
        "name" : "elasticSearchConfig.docIdTemplate",
        "value" : null
      }, {
        "name" : "elasticSearchConfig.parentIdTemplate",
        "value" : null
      }, {
        "name" : "elasticSearchConfig.routingTemplate",
        "value" : null
      }, {
        "name" : "elasticSearchConfig.charset",
        "value" : "UTF-8"
      }, {
        "name" : "elasticSearchConfig.defaultOperation",
        "value" : "INDEX"
      }, {
        "name" : "elasticSearchConfig.unsupportedAction",
        "value" : "DISCARD"
      }, {
        "name" : "elasticSearchConfig.securityConfig.securityUser",
        "value" : "username:password"
      }, {
        "name" : "elasticSearchConfig.securityConfig.sslTrustStorePath",
        "value" : null
      }, {
        "name" : "elasticSearchConfig.securityConfig.sslTrustStorePassword",
        "value" : null
      }, {
        "name" : "elasticSearchConfig.httpUris",
        "value" : [ "elasticsearch:9200" ]
      }, {
        "name" : "elasticSearchConfig.params",
        "value" : [ ]
      }, {
        "name" : "elasticSearchConfig.clientSniff",
        "value" : false
      }, {
        "name" : "elasticSearchConfig.useSecurity",
        "value" : false
      }, {
        "name" : "stageOnRecordError",
        "value" : "TO_ERROR"
      }, {
        "name" : "stageRequiredFields",
        "value" : [ ]
      }, {
        "name" : "stageRecordPreconditions",
        "value" : [ ]
      } ],
      "uiInfo" : {
        "description" : "",
        "label" : "es_metricbeat_ system_filesystem",
        "xPos" : 500,
        "yPos" : 430,
        "stageType" : "TARGET"
      },
      "inputLanes" : [ "StreamSelector_02OutputLane15387593373183" ],
      "outputLanes" : [ ],
      "eventLanes" : [ ],
      "services" : [ ]
    }, {
      "instanceName" : "Elasticsearch_05",
      "library" : "streamsets-datacollector-elasticsearch_5-lib",
      "stageName" : "com_streamsets_pipeline_stage_destination_elasticsearch_ElasticSearchDTarget",
      "stageVersion" : "8",
      "configuration" : [ {
        "name" : "elasticSearchConfig.timeDriver",
        "value" : "${time:now()}"
      }, {
        "name" : "elasticSearchConfig.timeZoneID",
        "value" : "UTC"
      }, {
        "name" : "elasticSearchConfig.indexTemplate",
        "value" : "es_metricbeat_system_fsstat"
      }, {
        "name" : "elasticSearchConfig.typeTemplate",
        "value" : "metrics-type"
      }, {
        "name" : "elasticSearchConfig.docIdTemplate",
        "value" : null
      }, {
        "name" : "elasticSearchConfig.parentIdTemplate",
        "value" : null
      }, {
        "name" : "elasticSearchConfig.routingTemplate",
        "value" : null
      }, {
        "name" : "elasticSearchConfig.charset",
        "value" : "UTF-8"
      }, {
        "name" : "elasticSearchConfig.defaultOperation",
        "value" : "INDEX"
      }, {
        "name" : "elasticSearchConfig.unsupportedAction",
        "value" : "DISCARD"
      }, {
        "name" : "elasticSearchConfig.securityConfig.securityUser",
        "value" : "username:password"
      }, {
        "name" : "elasticSearchConfig.securityConfig.sslTrustStorePath",
        "value" : null
      }, {
        "name" : "elasticSearchConfig.securityConfig.sslTrustStorePassword",
        "value" : null
      }, {
        "name" : "elasticSearchConfig.httpUris",
        "value" : [ "elasticsearch:9200" ]
      }, {
        "name" : "elasticSearchConfig.params",
        "value" : [ ]
      }, {
        "name" : "elasticSearchConfig.clientSniff",
        "value" : false
      }, {
        "name" : "elasticSearchConfig.useSecurity",
        "value" : false
      }, {
        "name" : "stageOnRecordError",
        "value" : "TO_ERROR"
      }, {
        "name" : "stageRequiredFields",
        "value" : [ ]
      }, {
        "name" : "stageRecordPreconditions",
        "value" : [ ]
      } ],
      "uiInfo" : {
        "description" : "",
        "label" : "es_metricbeat_ system_fsstat",
        "xPos" : 500,
        "yPos" : 560,
        "stageType" : "TARGET"
      },
      "inputLanes" : [ "StreamSelector_02OutputLane15387593373184" ],
      "outputLanes" : [ ],
      "eventLanes" : [ ],
      "services" : [ ]
    }, {
      "instanceName" : "Elasticsearch_06",
      "library" : "streamsets-datacollector-elasticsearch_5-lib",
      "stageName" : "com_streamsets_pipeline_stage_destination_elasticsearch_ElasticSearchDTarget",
      "stageVersion" : "8",
      "configuration" : [ {
        "name" : "elasticSearchConfig.timeDriver",
        "value" : "${time:now()}"
      }, {
        "name" : "elasticSearchConfig.timeZoneID",
        "value" : "UTC"
      }, {
        "name" : "elasticSearchConfig.indexTemplate",
        "value" : "es_metricbeat_system_load"
      }, {
        "name" : "elasticSearchConfig.typeTemplate",
        "value" : "metrics-type"
      }, {
        "name" : "elasticSearchConfig.docIdTemplate",
        "value" : null
      }, {
        "name" : "elasticSearchConfig.parentIdTemplate",
        "value" : null
      }, {
        "name" : "elasticSearchConfig.routingTemplate",
        "value" : null
      }, {
        "name" : "elasticSearchConfig.charset",
        "value" : "UTF-8"
      }, {
        "name" : "elasticSearchConfig.defaultOperation",
        "value" : "INDEX"
      }, {
        "name" : "elasticSearchConfig.unsupportedAction",
        "value" : "DISCARD"
      }, {
        "name" : "elasticSearchConfig.securityConfig.securityUser",
        "value" : "username:password"
      }, {
        "name" : "elasticSearchConfig.securityConfig.sslTrustStorePath",
        "value" : null
      }, {
        "name" : "elasticSearchConfig.securityConfig.sslTrustStorePassword",
        "value" : null
      }, {
        "name" : "elasticSearchConfig.httpUris",
        "value" : [ "elasticsearch:9200" ]
      }, {
        "name" : "elasticSearchConfig.params",
        "value" : [ ]
      }, {
        "name" : "elasticSearchConfig.clientSniff",
        "value" : false
      }, {
        "name" : "elasticSearchConfig.useSecurity",
        "value" : false
      }, {
        "name" : "stageOnRecordError",
        "value" : "TO_ERROR"
      }, {
        "name" : "stageRequiredFields",
        "value" : [ ]
      }, {
        "name" : "stageRecordPreconditions",
        "value" : [ ]
      } ],
      "uiInfo" : {
        "description" : "",
        "label" : "es_metricbeat_ system_load",
        "xPos" : 500,
        "yPos" : 690,
        "stageType" : "TARGET"
      },
      "inputLanes" : [ "StreamSelector_02OutputLane15387593373185" ],
      "outputLanes" : [ ],
      "eventLanes" : [ ],
      "services" : [ ]
    }, {
      "instanceName" : "Elasticsearch_07",
      "library" : "streamsets-datacollector-elasticsearch_5-lib",
      "stageName" : "com_streamsets_pipeline_stage_destination_elasticsearch_ElasticSearchDTarget",
      "stageVersion" : "8",
      "configuration" : [ {
        "name" : "elasticSearchConfig.timeDriver",
        "value" : "${time:now()}"
      }, {
        "name" : "elasticSearchConfig.timeZoneID",
        "value" : "UTC"
      }, {
        "name" : "elasticSearchConfig.indexTemplate",
        "value" : "es_metricbeat_system_memory"
      }, {
        "name" : "elasticSearchConfig.typeTemplate",
        "value" : "metrics-type"
      }, {
        "name" : "elasticSearchConfig.docIdTemplate",
        "value" : null
      }, {
        "name" : "elasticSearchConfig.parentIdTemplate",
        "value" : null
      }, {
        "name" : "elasticSearchConfig.routingTemplate",
        "value" : null
      }, {
        "name" : "elasticSearchConfig.charset",
        "value" : "UTF-8"
      }, {
        "name" : "elasticSearchConfig.defaultOperation",
        "value" : "INDEX"
      }, {
        "name" : "elasticSearchConfig.unsupportedAction",
        "value" : "DISCARD"
      }, {
        "name" : "elasticSearchConfig.securityConfig.securityUser",
        "value" : "username:password"
      }, {
        "name" : "elasticSearchConfig.securityConfig.sslTrustStorePath",
        "value" : null
      }, {
        "name" : "elasticSearchConfig.securityConfig.sslTrustStorePassword",
        "value" : null
      }, {
        "name" : "elasticSearchConfig.httpUris",
        "value" : [ "elasticsearch:9200" ]
      }, {
        "name" : "elasticSearchConfig.params",
        "value" : [ ]
      }, {
        "name" : "elasticSearchConfig.clientSniff",
        "value" : false
      }, {
        "name" : "elasticSearchConfig.useSecurity",
        "value" : false
      }, {
        "name" : "stageOnRecordError",
        "value" : "TO_ERROR"
      }, {
        "name" : "stageRequiredFields",
        "value" : [ ]
      }, {
        "name" : "stageRecordPreconditions",
        "value" : [ ]
      } ],
      "uiInfo" : {
        "description" : "",
        "label" : "es_metricbeat_ system_memory",
        "xPos" : 500,
        "yPos" : 820,
        "stageType" : "TARGET"
      },
      "inputLanes" : [ "StreamSelector_02OutputLane15387593373186" ],
      "outputLanes" : [ ],
      "eventLanes" : [ ],
      "services" : [ ]
    }, {
      "instanceName" : "Elasticsearch_08",
      "library" : "streamsets-datacollector-elasticsearch_5-lib",
      "stageName" : "com_streamsets_pipeline_stage_destination_elasticsearch_ElasticSearchDTarget",
      "stageVersion" : "8",
      "configuration" : [ {
        "name" : "elasticSearchConfig.timeDriver",
        "value" : "${time:now()}"
      }, {
        "name" : "elasticSearchConfig.timeZoneID",
        "value" : "UTC"
      }, {
        "name" : "elasticSearchConfig.indexTemplate",
        "value" : "es_metricbeat_system_network"
      }, {
        "name" : "elasticSearchConfig.typeTemplate",
        "value" : "metrics-type"
      }, {
        "name" : "elasticSearchConfig.docIdTemplate",
        "value" : null
      }, {
        "name" : "elasticSearchConfig.parentIdTemplate",
        "value" : null
      }, {
        "name" : "elasticSearchConfig.routingTemplate",
        "value" : null
      }, {
        "name" : "elasticSearchConfig.charset",
        "value" : "UTF-8"
      }, {
        "name" : "elasticSearchConfig.defaultOperation",
        "value" : "INDEX"
      }, {
        "name" : "elasticSearchConfig.unsupportedAction",
        "value" : "DISCARD"
      }, {
        "name" : "elasticSearchConfig.securityConfig.securityUser",
        "value" : "username:password"
      }, {
        "name" : "elasticSearchConfig.securityConfig.sslTrustStorePath",
        "value" : null
      }, {
        "name" : "elasticSearchConfig.securityConfig.sslTrustStorePassword",
        "value" : null
      }, {
        "name" : "elasticSearchConfig.httpUris",
        "value" : [ "elasticsearch:9200" ]
      }, {
        "name" : "elasticSearchConfig.params",
        "value" : [ ]
      }, {
        "name" : "elasticSearchConfig.clientSniff",
        "value" : false
      }, {
        "name" : "elasticSearchConfig.useSecurity",
        "value" : false
      }, {
        "name" : "stageOnRecordError",
        "value" : "TO_ERROR"
      }, {
        "name" : "stageRequiredFields",
        "value" : [ ]
      }, {
        "name" : "stageRecordPreconditions",
        "value" : [ ]
      } ],
      "uiInfo" : {
        "description" : "",
        "label" : "es_metricbeat_ system_network",
        "xPos" : 500,
        "yPos" : 950,
        "stageType" : "TARGET"
      },
      "inputLanes" : [ "StreamSelector_02OutputLane15387593373187" ],
      "outputLanes" : [ ],
      "eventLanes" : [ ],
      "services" : [ ]
    }, {
      "instanceName" : "Elasticsearch_09",
      "library" : "streamsets-datacollector-elasticsearch_5-lib",
      "stageName" : "com_streamsets_pipeline_stage_destination_elasticsearch_ElasticSearchDTarget",
      "stageVersion" : "8",
      "configuration" : [ {
        "name" : "elasticSearchConfig.timeDriver",
        "value" : "${time:now()}"
      }, {
        "name" : "elasticSearchConfig.timeZoneID",
        "value" : "UTC"
      }, {
        "name" : "elasticSearchConfig.indexTemplate",
        "value" : "es_metricbeat_system_process_summary"
      }, {
        "name" : "elasticSearchConfig.typeTemplate",
        "value" : "metrics-type"
      }, {
        "name" : "elasticSearchConfig.docIdTemplate",
        "value" : null
      }, {
        "name" : "elasticSearchConfig.parentIdTemplate",
        "value" : null
      }, {
        "name" : "elasticSearchConfig.routingTemplate",
        "value" : null
      }, {
        "name" : "elasticSearchConfig.charset",
        "value" : "UTF-8"
      }, {
        "name" : "elasticSearchConfig.defaultOperation",
        "value" : "INDEX"
      }, {
        "name" : "elasticSearchConfig.unsupportedAction",
        "value" : "DISCARD"
      }, {
        "name" : "elasticSearchConfig.securityConfig.securityUser",
        "value" : "username:password"
      }, {
        "name" : "elasticSearchConfig.securityConfig.sslTrustStorePath",
        "value" : null
      }, {
        "name" : "elasticSearchConfig.securityConfig.sslTrustStorePassword",
        "value" : null
      }, {
        "name" : "elasticSearchConfig.httpUris",
        "value" : [ "elasticsearch:9200" ]
      }, {
        "name" : "elasticSearchConfig.params",
        "value" : [ ]
      }, {
        "name" : "elasticSearchConfig.clientSniff",
        "value" : false
      }, {
        "name" : "elasticSearchConfig.useSecurity",
        "value" : false
      }, {
        "name" : "stageOnRecordError",
        "value" : "TO_ERROR"
      }, {
        "name" : "stageRequiredFields",
        "value" : [ ]
      }, {
        "name" : "stageRecordPreconditions",
        "value" : [ ]
      } ],
      "uiInfo" : {
        "description" : "",
        "label" : "es_metricbeat_ system_process_summary",
        "xPos" : 500,
        "yPos" : 1080,
        "stageType" : "TARGET"
      },
      "inputLanes" : [ "StreamSelector_02OutputLane15387593373188" ],
      "outputLanes" : [ ],
      "eventLanes" : [ ],
      "services" : [ ]
    }, {
      "instanceName" : "Elasticsearch_10",
      "library" : "streamsets-datacollector-elasticsearch_5-lib",
      "stageName" : "com_streamsets_pipeline_stage_destination_elasticsearch_ElasticSearchDTarget",
      "stageVersion" : "8",
      "configuration" : [ {
        "name" : "elasticSearchConfig.timeDriver",
        "value" : "${time:now()}"
      }, {
        "name" : "elasticSearchConfig.timeZoneID",
        "value" : "UTC"
      }, {
        "name" : "elasticSearchConfig.indexTemplate",
        "value" : "es_metricbeat_system_process"
      }, {
        "name" : "elasticSearchConfig.typeTemplate",
        "value" : "metrics-type"
      }, {
        "name" : "elasticSearchConfig.docIdTemplate",
        "value" : null
      }, {
        "name" : "elasticSearchConfig.parentIdTemplate",
        "value" : null
      }, {
        "name" : "elasticSearchConfig.routingTemplate",
        "value" : null
      }, {
        "name" : "elasticSearchConfig.charset",
        "value" : "UTF-8"
      }, {
        "name" : "elasticSearchConfig.defaultOperation",
        "value" : "INDEX"
      }, {
        "name" : "elasticSearchConfig.unsupportedAction",
        "value" : "DISCARD"
      }, {
        "name" : "elasticSearchConfig.securityConfig.securityUser",
        "value" : "username:password"
      }, {
        "name" : "elasticSearchConfig.securityConfig.sslTrustStorePath",
        "value" : null
      }, {
        "name" : "elasticSearchConfig.securityConfig.sslTrustStorePassword",
        "value" : null
      }, {
        "name" : "elasticSearchConfig.httpUris",
        "value" : [ "elasticsearch:9200" ]
      }, {
        "name" : "elasticSearchConfig.params",
        "value" : [ ]
      }, {
        "name" : "elasticSearchConfig.clientSniff",
        "value" : false
      }, {
        "name" : "elasticSearchConfig.useSecurity",
        "value" : false
      }, {
        "name" : "stageOnRecordError",
        "value" : "TO_ERROR"
      }, {
        "name" : "stageRequiredFields",
        "value" : [ ]
      }, {
        "name" : "stageRecordPreconditions",
        "value" : [ ]
      } ],
      "uiInfo" : {
        "description" : "",
        "label" : "es_metricbeat_ system_process",
        "xPos" : 500,
        "yPos" : 1210,
        "stageType" : "TARGET"
      },
      "inputLanes" : [ "StreamSelector_02OutputLane15387593373189" ],
      "outputLanes" : [ ],
      "eventLanes" : [ ],
      "services" : [ ]
    }, {
      "instanceName" : "Elasticsearch_11",
      "library" : "streamsets-datacollector-elasticsearch_5-lib",
      "stageName" : "com_streamsets_pipeline_stage_destination_elasticsearch_ElasticSearchDTarget",
      "stageVersion" : "8",
      "configuration" : [ {
        "name" : "elasticSearchConfig.timeDriver",
        "value" : "${time:now()}"
      }, {
        "name" : "elasticSearchConfig.timeZoneID",
        "value" : "UTC"
      }, {
        "name" : "elasticSearchConfig.indexTemplate",
        "value" : "es_metricbeat_system_socket"
      }, {
        "name" : "elasticSearchConfig.typeTemplate",
        "value" : "metrics-type"
      }, {
        "name" : "elasticSearchConfig.docIdTemplate",
        "value" : null
      }, {
        "name" : "elasticSearchConfig.parentIdTemplate",
        "value" : null
      }, {
        "name" : "elasticSearchConfig.routingTemplate",
        "value" : null
      }, {
        "name" : "elasticSearchConfig.charset",
        "value" : "UTF-8"
      }, {
        "name" : "elasticSearchConfig.defaultOperation",
        "value" : "INDEX"
      }, {
        "name" : "elasticSearchConfig.unsupportedAction",
        "value" : "DISCARD"
      }, {
        "name" : "elasticSearchConfig.securityConfig.securityUser",
        "value" : "username:password"
      }, {
        "name" : "elasticSearchConfig.securityConfig.sslTrustStorePath",
        "value" : null
      }, {
        "name" : "elasticSearchConfig.securityConfig.sslTrustStorePassword",
        "value" : null
      }, {
        "name" : "elasticSearchConfig.httpUris",
        "value" : [ "elasticsearch:9200" ]
      }, {
        "name" : "elasticSearchConfig.params",
        "value" : [ ]
      }, {
        "name" : "elasticSearchConfig.clientSniff",
        "value" : false
      }, {
        "name" : "elasticSearchConfig.useSecurity",
        "value" : false
      }, {
        "name" : "stageOnRecordError",
        "value" : "TO_ERROR"
      }, {
        "name" : "stageRequiredFields",
        "value" : [ ]
      }, {
        "name" : "stageRecordPreconditions",
        "value" : [ ]
      } ],
      "uiInfo" : {
        "description" : "",
        "label" : "es_metricbeat_ system_socket",
        "xPos" : 500,
        "yPos" : 1340,
        "stageType" : "TARGET"
      },
      "inputLanes" : [ "StreamSelector_02OutputLane153875933731810" ],
      "outputLanes" : [ ],
      "eventLanes" : [ ],
      "services" : [ ]
    }, {
      "instanceName" : "Elasticsearch_12",
      "library" : "streamsets-datacollector-elasticsearch_5-lib",
      "stageName" : "com_streamsets_pipeline_stage_destination_elasticsearch_ElasticSearchDTarget",
      "stageVersion" : "8",
      "configuration" : [ {
        "name" : "elasticSearchConfig.timeDriver",
        "value" : "${time:now()}"
      }, {
        "name" : "elasticSearchConfig.timeZoneID",
        "value" : "UTC"
      }, {
        "name" : "elasticSearchConfig.indexTemplate",
        "value" : "es_metricbeat_system_uptime"
      }, {
        "name" : "elasticSearchConfig.typeTemplate",
        "value" : "metrics-type"
      }, {
        "name" : "elasticSearchConfig.docIdTemplate",
        "value" : null
      }, {
        "name" : "elasticSearchConfig.parentIdTemplate",
        "value" : null
      }, {
        "name" : "elasticSearchConfig.routingTemplate",
        "value" : null
      }, {
        "name" : "elasticSearchConfig.charset",
        "value" : "UTF-8"
      }, {
        "name" : "elasticSearchConfig.defaultOperation",
        "value" : "INDEX"
      }, {
        "name" : "elasticSearchConfig.unsupportedAction",
        "value" : "DISCARD"
      }, {
        "name" : "elasticSearchConfig.securityConfig.securityUser",
        "value" : "username:password"
      }, {
        "name" : "elasticSearchConfig.securityConfig.sslTrustStorePath",
        "value" : null
      }, {
        "name" : "elasticSearchConfig.securityConfig.sslTrustStorePassword",
        "value" : null
      }, {
        "name" : "elasticSearchConfig.httpUris",
        "value" : [ "elasticsearch:9200" ]
      }, {
        "name" : "elasticSearchConfig.params",
        "value" : [ ]
      }, {
        "name" : "elasticSearchConfig.clientSniff",
        "value" : false
      }, {
        "name" : "elasticSearchConfig.useSecurity",
        "value" : false
      }, {
        "name" : "stageOnRecordError",
        "value" : "TO_ERROR"
      }, {
        "name" : "stageRequiredFields",
        "value" : [ ]
      }, {
        "name" : "stageRecordPreconditions",
        "value" : [ ]
      } ],
      "uiInfo" : {
        "description" : "",
        "label" : "es_metricbeat_ system_uptime",
        "xPos" : 500,
        "yPos" : 1470,
        "stageType" : "TARGET"
      },
      "inputLanes" : [ "StreamSelector_02OutputLane153875933731811" ],
      "outputLanes" : [ ],
      "eventLanes" : [ ],
      "services" : [ ]
    }, {
      "instanceName" : "Trash_01",
      "library" : "streamsets-datacollector-basic-lib",
      "stageName" : "com_streamsets_pipeline_stage_destination_devnull_NullDTarget",
      "stageVersion" : "1",
      "configuration" : [ ],
      "uiInfo" : {
        "description" : "",
        "label" : "Trash 1",
        "xPos" : 500,
        "yPos" : 1600,
        "stageType" : "TARGET"
      },
      "inputLanes" : [ "StreamSelector_02OutputLane153875933731812" ],
      "outputLanes" : [ ],
      "eventLanes" : [ ],
      "services" : [ ]
    } ],
    "errorStage" : {
      "instanceName" : "Discard_ErrorStage",
      "library" : "streamsets-datacollector-basic-lib",
      "stageName" : "com_streamsets_pipeline_stage_destination_devnull_ToErrorNullDTarget",
      "stageVersion" : "1",
      "configuration" : [ ],
      "uiInfo" : {
        "description" : "",
        "label" : "Error Records - Discard",
        "xPos" : 280,
        "yPos" : 50,
        "stageType" : "TARGET"
      },
      "inputLanes" : [ ],
      "outputLanes" : [ ],
      "eventLanes" : [ ],
      "services" : [ ]
    },
    "info" : {
      "pipelineId" : "ESMETRICBEATSYSTEMESTransfer40674b7f-6666-484f-a8b1-86bc61b0eb9a",
      "title" : "ES_METRICBEAT_SYSTEM ES Transfer",
      "description" : "",
      "created" : 1543001637949,
      "lastModified" : 1543001637998,
      "creator" : "admin",
      "lastModifier" : "admin",
      "lastRev" : "0",
      "uuid" : "8535665e-eba3-494f-8f22-448d4f17efe4",
      "valid" : true,
      "metadata" : {
        "labels" : [ ]
      },
      "name" : "ESMETRICBEATSYSTEMESTransfer40674b7f-6666-484f-a8b1-86bc61b0eb9a",
      "sdcVersion" : "3.5.2",
      "sdcId" : "62c4072d-ef56-11e8-9d20-a38c41ec6ae7"
    },
    "metadata" : {
      "labels" : [ ]
    },
    "statsAggregatorStage" : {
      "instanceName" : "statsAggregatorStageInstance",
      "library" : "streamsets-datacollector-basic-lib",
      "stageName" : "com_streamsets_pipeline_stage_destination_devnull_StatsDpmDirectlyDTarget",
      "stageVersion" : "1",
      "configuration" : [ ],
      "uiInfo" : {
        "stageType" : "TARGET",
        "label" : "Stats Aggregator -Write to Control Hub directly"
      },
      "inputLanes" : [ ],
      "outputLanes" : [ ],
      "eventLanes" : [ ],
      "services" : [ ]
    },
    "startEventStages" : [ {
      "instanceName" : "Discard_StartEventStage",
      "library" : "streamsets-datacollector-basic-lib",
      "stageName" : "com_streamsets_pipeline_stage_destination_devnull_ToErrorNullDTarget",
      "stageVersion" : "1",
      "configuration" : [ ],
      "uiInfo" : {
        "description" : "",
        "label" : "Start Event - Discard",
        "xPos" : 280,
        "yPos" : 50,
        "stageType" : "TARGET"
      },
      "inputLanes" : [ ],
      "outputLanes" : [ ],
      "eventLanes" : [ ],
      "services" : [ ]
    } ],
    "stopEventStages" : [ {
      "instanceName" : "Discard_StopEventStage",
      "library" : "streamsets-datacollector-basic-lib",
      "stageName" : "com_streamsets_pipeline_stage_destination_devnull_ToErrorNullDTarget",
      "stageVersion" : "1",
      "configuration" : [ ],
      "uiInfo" : {
        "description" : "",
        "label" : "Stop Event - Discard",
        "xPos" : 280,
        "yPos" : 50,
        "stageType" : "TARGET"
      },
      "inputLanes" : [ ],
      "outputLanes" : [ ],
      "eventLanes" : [ ],
      "services" : [ ]
    } ],
    "testOriginStage" : {
      "instanceName" : "com_streamsets_pipeline_stage_devtest_rawdata_RawDataDSource_TestOriginStage",
      "library" : "streamsets-datacollector-dev-lib",
      "stageName" : "com_streamsets_pipeline_stage_devtest_rawdata_RawDataDSource",
      "stageVersion" : "3",
      "configuration" : [ {
        "name" : "rawData",
        "value" : "{\n  \"f1\": \"abc\",\n  \"f2\": \"xyz\",\n  \"f3\": \"lmn\"\n}"
      }, {
        "name" : "stopAfterFirstBatch",
        "value" : false
      }, {
        "name" : "stageOnRecordError",
        "value" : "TO_ERROR"
      } ],
      "uiInfo" : {
        "stageType" : "SOURCE",
        "label" : "Test Origin - Dev Raw Data Source"
      },
      "inputLanes" : [ ],
      "outputLanes" : [ "com_streamsets_pipeline_stage_devtest_rawdata_RawDataDSource_TestOriginStageOutputLane1" ],
      "eventLanes" : [ ],
      "services" : [ {
        "service" : "com.streamsets.pipeline.api.service.dataformats.DataFormatParserService",
        "serviceVersion" : 1,
        "configuration" : [ {
          "name" : "displayFormats",
          "value" : "DELIMITED,JSON,LOG,SDC_JSON,TEXT,XML"
        }, {
          "name" : "dataFormat",
          "value" : "JSON"
        }, {
          "name" : "dataFormatConfig.compression",
          "value" : "NONE"
        }, {
          "name" : "dataFormatConfig.filePatternInArchive",
          "value" : "*"
        }, {
          "name" : "dataFormatConfig.charset",
          "value" : "UTF-8"
        }, {
          "name" : "dataFormatConfig.removeCtrlChars",
          "value" : false
        }, {
          "name" : "dataFormatConfig.textMaxLineLen",
          "value" : 1024
        }, {
          "name" : "dataFormatConfig.useCustomDelimiter",
          "value" : false
        }, {
          "name" : "dataFormatConfig.customDelimiter",
          "value" : "\\r\\n"
        }, {
          "name" : "dataFormatConfig.includeCustomDelimiterInTheText",
          "value" : false
        }, {
          "name" : "dataFormatConfig.jsonContent",
          "value" : "MULTIPLE_OBJECTS"
        }, {
          "name" : "dataFormatConfig.jsonMaxObjectLen",
          "value" : 4096
        }, {
          "name" : "dataFormatConfig.csvFileFormat",
          "value" : "CSV"
        }, {
          "name" : "dataFormatConfig.csvHeader",
          "value" : "NO_HEADER"
        }, {
          "name" : "dataFormatConfig.csvAllowExtraColumns",
          "value" : false
        }, {
          "name" : "dataFormatConfig.csvExtraColumnPrefix",
          "value" : "_extra_"
        }, {
          "name" : "dataFormatConfig.csvMaxObjectLen",
          "value" : 1024
        }, {
          "name" : "dataFormatConfig.csvCustomDelimiter",
          "value" : "|"
        }, {
          "name" : "dataFormatConfig.csvCustomEscape",
          "value" : "\\"
        }, {
          "name" : "dataFormatConfig.csvCustomQuote",
          "value" : "\""
        }, {
          "name" : "dataFormatConfig.csvEnableComments",
          "value" : false
        }, {
          "name" : "dataFormatConfig.csvCommentMarker",
          "value" : "#"
        }, {
          "name" : "dataFormatConfig.csvIgnoreEmptyLines",
          "value" : false
        }, {
          "name" : "dataFormatConfig.csvRecordType",
          "value" : "LIST_MAP"
        }, {
          "name" : "dataFormatConfig.csvSkipStartLines",
          "value" : 0
        }, {
          "name" : "dataFormatConfig.parseNull",
          "value" : false
        }, {
          "name" : "dataFormatConfig.nullConstant",
          "value" : "\\\\N"
        }, {
          "name" : "dataFormatConfig.xmlRecordElement",
          "value" : null
        }, {
          "name" : "dataFormatConfig.includeFieldXpathAttributes",
          "value" : false
        }, {
          "name" : "dataFormatConfig.xPathNamespaceContext",
          "value" : [ ]
        }, {
          "name" : "dataFormatConfig.outputFieldAttributes",
          "value" : false
        }, {
          "name" : "dataFormatConfig.xmlMaxObjectLen",
          "value" : 4096
        }, {
          "name" : "dataFormatConfig.logMode",
          "value" : "COMMON_LOG_FORMAT"
        }, {
          "name" : "dataFormatConfig.logMaxObjectLen",
          "value" : 1024
        }, {
          "name" : "dataFormatConfig.retainOriginalLine",
          "value" : false
        }, {
          "name" : "dataFormatConfig.customLogFormat",
          "value" : "%h %l %u %t \"%r\" %>s %b"
        }, {
          "name" : "dataFormatConfig.regex",
          "value" : "^(\\S+) (\\S+) (\\S+) \\[([\\w:/]+\\s[+\\-]\\d{4})\\] \"(\\S+) (\\S+) (\\S+)\" (\\d{3}) (\\d+)"
        }, {
          "name" : "dataFormatConfig.fieldPathsToGroupName",
          "value" : [ {
            "fieldPath" : "/",
            "group" : 1
          } ]
        }, {
          "name" : "dataFormatConfig.grokPatternDefinition",
          "value" : null
        }, {
          "name" : "dataFormatConfig.grokPattern",
          "value" : "%{COMMONAPACHELOG}"
        }, {
          "name" : "dataFormatConfig.onParseError",
          "value" : "ERROR"
        }, {
          "name" : "dataFormatConfig.maxStackTraceLines",
          "value" : 50
        }, {
          "name" : "dataFormatConfig.enableLog4jCustomLogFormat",
          "value" : false
        }, {
          "name" : "dataFormatConfig.log4jCustomLogFormat",
          "value" : "%r [%t] %-5p %c %x - %m%n"
        }, {
          "name" : "dataFormatConfig.avroSchemaSource",
          "value" : null
        }, {
          "name" : "dataFormatConfig.avroSchema",
          "value" : null
        }, {
          "name" : "dataFormatConfig.schemaRegistryUrls",
          "value" : [ ]
        }, {
          "name" : "dataFormatConfig.schemaLookupMode",
          "value" : "SUBJECT"
        }, {
          "name" : "dataFormatConfig.subject",
          "value" : null
        }, {
          "name" : "dataFormatConfig.schemaId",
          "value" : null
        }, {
          "name" : "dataFormatConfig.protoDescriptorFile",
          "value" : null
        }, {
          "name" : "dataFormatConfig.messageType",
          "value" : null
        }, {
          "name" : "dataFormatConfig.isDelimited",
          "value" : false
        }, {
          "name" : "dataFormatConfig.binaryMaxObjectLen",
          "value" : 1024
        }, {
          "name" : "dataFormatConfig.datagramMode",
          "value" : "SYSLOG"
        }, {
          "name" : "dataFormatConfig.typesDbPath",
          "value" : null
        }, {
          "name" : "dataFormatConfig.convertTime",
          "value" : false
        }, {
          "name" : "dataFormatConfig.excludeInterval",
          "value" : false
        }, {
          "name" : "dataFormatConfig.authFilePath",
          "value" : null
        }, {
          "name" : "dataFormatConfig.netflowOutputValuesMode",
          "value" : "RAW_AND_INTERPRETED"
        }, {
          "name" : "dataFormatConfig.maxTemplateCacheSize",
          "value" : -1
        }, {
          "name" : "dataFormatConfig.templateCacheTimeoutMs",
          "value" : -1
        }, {
          "name" : "dataFormatConfig.netflowOutputValuesModeDatagram",
          "value" : "RAW_AND_INTERPRETED"
        }, {
          "name" : "dataFormatConfig.maxTemplateCacheSizeDatagram",
          "value" : -1
        }, {
          "name" : "dataFormatConfig.templateCacheTimeoutMsDatagram",
          "value" : -1
        }, {
          "name" : "dataFormatConfig.wholeFileMaxObjectLen",
          "value" : 8192
        }, {
          "name" : "dataFormatConfig.rateLimit",
          "value" : "-1"
        }, {
          "name" : "dataFormatConfig.verifyChecksum",
          "value" : false
        }, {
          "name" : "dataFormatConfig.excelHeader",
          "value" : null
        } ]
      } ]
    },
    "valid" : true,
    "issues" : {
      "stageIssues" : { },
      "pipelineIssues" : [ ],
      "issueCount" : 0
    },
    "previewable" : false
  },
  "pipelineRules" : {
    "schemaVersion" : 3,
    "version" : 2,
    "metricsRuleDefinitions" : [ {
      "id" : "badRecordsAlertID",
      "alertText" : "High incidence of Error Records",
      "metricId" : "pipeline.batchErrorRecords.counter",
      "metricType" : "COUNTER",
      "metricElement" : "COUNTER_COUNT",
      "condition" : "${value() > 100}",
      "sendEmail" : false,
      "enabled" : false,
      "timestamp" : 1538460061721,
      "valid" : true
    }, {
      "id" : "stageErrorAlertID",
      "alertText" : "High incidence of Stage Errors",
      "metricId" : "pipeline.batchErrorMessages.counter",
      "metricType" : "COUNTER",
      "metricElement" : "COUNTER_COUNT",
      "condition" : "${value() > 100}",
      "sendEmail" : false,
      "enabled" : false,
      "timestamp" : 1538460061721,
      "valid" : true
    }, {
      "id" : "idleGaugeID",
      "alertText" : "Pipeline is Idle",
      "metricId" : "RuntimeStatsGauge.gauge",
      "metricType" : "GAUGE",
      "metricElement" : "TIME_OF_LAST_RECEIVED_RECORD",
      "condition" : "${time:now() - value() > 120000}",
      "sendEmail" : false,
      "enabled" : false,
      "timestamp" : 1538460061721,
      "valid" : true
    }, {
      "id" : "batchTimeAlertID",
      "alertText" : "Batch taking more time to process",
      "metricId" : "RuntimeStatsGauge.gauge",
      "metricType" : "GAUGE",
      "metricElement" : "CURRENT_BATCH_AGE",
      "condition" : "${value() > 200}",
      "sendEmail" : false,
      "enabled" : false,
      "timestamp" : 1538460061721,
      "valid" : true
    }, {
      "id" : "memoryLimitAlertID",
      "alertText" : "Memory limit for pipeline exceeded",
      "metricId" : "pipeline.memoryConsumed.counter",
      "metricType" : "COUNTER",
      "metricElement" : "COUNTER_COUNT",
      "condition" : "${value() > (jvm:maxMemoryMB() * 0.65)}",
      "sendEmail" : false,
      "enabled" : false,
      "timestamp" : 1538460061721,
      "valid" : true
    } ],
    "dataRuleDefinitions" : [ ],
    "driftRuleDefinitions" : [ ],
    "uuid" : "ac7355fb-1e7d-41f1-8371-b029ef32cd7b",
    "configuration" : [ {
      "name" : "emailIDs",
      "value" : [ ]
    }, {
      "name" : "webhookConfigs",
      "value" : [ ]
    } ],
    "ruleIssues" : null,
    "configIssues" : null
  },
  "libraryDefinitions" : null
}