{
  "pipelineConfig" : {
    "schemaVersion" : 6,
    "version" : 10,
    "pipelineId" : "ESMETRICBEATELASTICSEARCHProcessor6b127302-a6d0-4931-a8ef-0d50d2218768",
    "title" : "ES_METRICBEAT_ELASTICSEARCH Processor",
    "description" : "",
    "uuid" : "4fd7d92d-06fc-419a-82ea-f701aa48d9c2",
    "configuration" : [ {
      "name" : "executionMode",
      "value" : "STANDALONE"
    }, {
      "name" : "edgeHttpUrl",
      "value" : "http://localhost:18633"
    }, {
      "name" : "deliveryGuarantee",
      "value" : "AT_LEAST_ONCE"
    }, {
      "name" : "testOriginStage",
      "value" : "streamsets-datacollector-dev-lib::com_streamsets_pipeline_stage_devtest_rawdata_RawDataDSource::3"
    }, {
      "name" : "startEventStage",
      "value" : "streamsets-datacollector-basic-lib::com_streamsets_pipeline_stage_destination_devnull_ToErrorNullDTarget::1"
    }, {
      "name" : "stopEventStage",
      "value" : "streamsets-datacollector-basic-lib::com_streamsets_pipeline_stage_destination_devnull_ToErrorNullDTarget::1"
    }, {
      "name" : "shouldRetry",
      "value" : true
    }, {
      "name" : "retryAttempts",
      "value" : -1
    }, {
      "name" : "memoryLimit",
      "value" : "${jvm:maxMemoryMB() * 0.85}"
    }, {
      "name" : "memoryLimitExceeded",
      "value" : "LOG"
    }, {
      "name" : "notifyOnStates",
      "value" : [ "RUN_ERROR", "STOPPED", "FINISHED" ]
    }, {
      "name" : "emailIDs",
      "value" : [ ]
    }, {
      "name" : "constants",
      "value" : [ ]
    }, {
      "name" : "badRecordsHandling",
      "value" : "streamsets-datacollector-basic-lib::com_streamsets_pipeline_stage_destination_devnull_ToErrorNullDTarget::1"
    }, {
      "name" : "errorRecordPolicy",
      "value" : "ORIGINAL_RECORD"
    }, {
      "name" : "statsAggregatorStage",
      "value" : "streamsets-datacollector-basic-lib::com_streamsets_pipeline_stage_destination_devnull_StatsDpmDirectlyDTarget::1"
    }, {
      "name" : "workerCount",
      "value" : 0
    }, {
      "name" : "clusterSlaveMemory",
      "value" : 2048
    }, {
      "name" : "clusterSlaveJavaOpts",
      "value" : "-XX:+UseConcMarkSweepGC -XX:+UseParNewGC -Dlog4j.debug"
    }, {
      "name" : "clusterLauncherEnv",
      "value" : [ ]
    }, {
      "name" : "mesosDispatcherURL",
      "value" : null
    }, {
      "name" : "logLevel",
      "value" : "INFO"
    }, {
      "name" : "hdfsS3ConfDir",
      "value" : null
    }, {
      "name" : "rateLimit",
      "value" : 0
    }, {
      "name" : "maxRunners",
      "value" : 0
    }, {
      "name" : "shouldCreateFailureSnapshot",
      "value" : true
    }, {
      "name" : "runnerIdleTIme",
      "value" : 60
    }, {
      "name" : "webhookConfigs",
      "value" : [ ]
    }, {
      "name" : "sparkConfigs",
      "value" : [ ]
    }, {
      "name" : "amazonEMRConfig.userRegion",
      "value" : null
    }, {
      "name" : "amazonEMRConfig.userRegionCustom",
      "value" : null
    }, {
      "name" : "amazonEMRConfig.accessKey",
      "value" : null
    }, {
      "name" : "amazonEMRConfig.secretKey",
      "value" : null
    }, {
      "name" : "amazonEMRConfig.s3StagingUri",
      "value" : null
    }, {
      "name" : "amazonEMRConfig.provisionNewCluster",
      "value" : false
    }, {
      "name" : "amazonEMRConfig.clusterId",
      "value" : null
    }, {
      "name" : "amazonEMRConfig.clusterPrefix",
      "value" : null
    }, {
      "name" : "amazonEMRConfig.terminateCluster",
      "value" : false
    }, {
      "name" : "amazonEMRConfig.loggingEnabled",
      "value" : true
    }, {
      "name" : "amazonEMRConfig.s3LogUri",
      "value" : null
    }, {
      "name" : "amazonEMRConfig.enableEMRDebugging",
      "value" : true
    }, {
      "name" : "amazonEMRConfig.serviceRole",
      "value" : "EMR_DefaultRole"
    }, {
      "name" : "amazonEMRConfig.jobFlowRole",
      "value" : "EMR_EC2_DefaultRole"
    }, {
      "name" : "amazonEMRConfig.visibleToAllUsers",
      "value" : true
    }, {
      "name" : "amazonEMRConfig.ec2SubnetId",
      "value" : null
    }, {
      "name" : "amazonEMRConfig.masterSecurityGroup",
      "value" : null
    }, {
      "name" : "amazonEMRConfig.slaveSecurityGroup",
      "value" : null
    }, {
      "name" : "amazonEMRConfig.instanceCount",
      "value" : 2
    }, {
      "name" : "amazonEMRConfig.masterInstanceType",
      "value" : null
    }, {
      "name" : "amazonEMRConfig.masterInstanceTypeCustom",
      "value" : null
    }, {
      "name" : "amazonEMRConfig.slaveInstanceType",
      "value" : null
    }, {
      "name" : "amazonEMRConfig.slaveInstanceTypeCustom",
      "value" : null
    } ],
    "uiInfo" : {
      "previewConfig" : {
        "previewSource" : "CONFIGURED_SOURCE",
        "batchSize" : 10,
        "timeout" : 30000,
        "writeToDestinations" : false,
        "executeLifecycleEvents" : false,
        "showHeader" : false,
        "showFieldType" : true,
        "rememberMe" : false
      }
    },
    "fragments" : [ ],
    "stages" : [ {
      "instanceName" : "KafkaConsumer_01",
      "library" : "streamsets-datacollector-apache-kafka_2_0-lib",
      "stageName" : "com_streamsets_pipeline_stage_origin_kafka_KafkaDSource",
      "stageVersion" : "5",
      "configuration" : [ {
        "name" : "kafkaConfigBean.dataFormatConfig.filePatternInArchive",
        "value" : "*"
      }, {
        "name" : "kafkaConfigBean.dataFormatConfig.charset",
        "value" : "UTF-8"
      }, {
        "name" : "kafkaConfigBean.dataFormatConfig.removeCtrlChars",
        "value" : false
      }, {
        "name" : "kafkaConfigBean.dataFormatConfig.textMaxLineLen",
        "value" : 1024
      }, {
        "name" : "kafkaConfigBean.dataFormatConfig.useCustomDelimiter",
        "value" : false
      }, {
        "name" : "kafkaConfigBean.dataFormatConfig.customDelimiter",
        "value" : "\\r\\n"
      }, {
        "name" : "kafkaConfigBean.dataFormatConfig.includeCustomDelimiterInTheText",
        "value" : false
      }, {
        "name" : "kafkaConfigBean.dataFormatConfig.jsonContent",
        "value" : "MULTIPLE_OBJECTS"
      }, {
        "name" : "kafkaConfigBean.dataFormatConfig.jsonMaxObjectLen",
        "value" : 16384
      }, {
        "name" : "kafkaConfigBean.dataFormatConfig.csvFileFormat",
        "value" : "CSV"
      }, {
        "name" : "kafkaConfigBean.dataFormatConfig.csvHeader",
        "value" : "NO_HEADER"
      }, {
        "name" : "kafkaConfigBean.dataFormatConfig.csvAllowExtraColumns",
        "value" : false
      }, {
        "name" : "kafkaConfigBean.dataFormatConfig.csvExtraColumnPrefix",
        "value" : "_extra_"
      }, {
        "name" : "kafkaConfigBean.dataFormatConfig.csvMaxObjectLen",
        "value" : 1024
      }, {
        "name" : "kafkaConfigBean.dataFormatConfig.csvCustomDelimiter",
        "value" : "|"
      }, {
        "name" : "kafkaConfigBean.dataFormatConfig.csvCustomEscape",
        "value" : "\\"
      }, {
        "name" : "kafkaConfigBean.dataFormatConfig.csvCustomQuote",
        "value" : "\""
      }, {
        "name" : "kafkaConfigBean.dataFormatConfig.csvEnableComments",
        "value" : false
      }, {
        "name" : "kafkaConfigBean.dataFormatConfig.csvCommentMarker",
        "value" : "#"
      }, {
        "name" : "kafkaConfigBean.dataFormatConfig.csvIgnoreEmptyLines",
        "value" : true
      }, {
        "name" : "kafkaConfigBean.dataFormatConfig.csvRecordType",
        "value" : "LIST_MAP"
      }, {
        "name" : "kafkaConfigBean.dataFormatConfig.csvSkipStartLines",
        "value" : 0
      }, {
        "name" : "kafkaConfigBean.dataFormatConfig.parseNull",
        "value" : false
      }, {
        "name" : "kafkaConfigBean.dataFormatConfig.nullConstant",
        "value" : "\\\\N"
      }, {
        "name" : "kafkaConfigBean.dataFormatConfig.xmlRecordElement",
        "value" : null
      }, {
        "name" : "kafkaConfigBean.dataFormatConfig.includeFieldXpathAttributes",
        "value" : false
      }, {
        "name" : "kafkaConfigBean.dataFormatConfig.xPathNamespaceContext",
        "value" : [ ]
      }, {
        "name" : "kafkaConfigBean.dataFormatConfig.outputFieldAttributes",
        "value" : false
      }, {
        "name" : "kafkaConfigBean.dataFormatConfig.xmlMaxObjectLen",
        "value" : 4096
      }, {
        "name" : "kafkaConfigBean.dataFormatConfig.logMode",
        "value" : "COMMON_LOG_FORMAT"
      }, {
        "name" : "kafkaConfigBean.dataFormatConfig.logMaxObjectLen",
        "value" : 1024
      }, {
        "name" : "kafkaConfigBean.dataFormatConfig.retainOriginalLine",
        "value" : false
      }, {
        "name" : "kafkaConfigBean.dataFormatConfig.customLogFormat",
        "value" : "%h %l %u %t \"%r\" %>s %b"
      }, {
        "name" : "kafkaConfigBean.dataFormatConfig.regex",
        "value" : "^(\\S+) (\\S+) (\\S+) \\[([\\w:/]+\\s[+\\-]\\d{4})\\] \"(\\S+) (\\S+) (\\S+)\" (\\d{3}) (\\d+)"
      }, {
        "name" : "kafkaConfigBean.dataFormatConfig.fieldPathsToGroupName",
        "value" : [ {
          "fieldPath" : "/",
          "group" : 1
        } ]
      }, {
        "name" : "kafkaConfigBean.dataFormatConfig.grokPatternDefinition",
        "value" : null
      }, {
        "name" : "kafkaConfigBean.dataFormatConfig.grokPattern",
        "value" : "%{COMMONAPACHELOG}"
      }, {
        "name" : "kafkaConfigBean.dataFormatConfig.onParseError",
        "value" : "ERROR"
      }, {
        "name" : "kafkaConfigBean.dataFormatConfig.maxStackTraceLines",
        "value" : 50
      }, {
        "name" : "kafkaConfigBean.dataFormatConfig.enableLog4jCustomLogFormat",
        "value" : false
      }, {
        "name" : "kafkaConfigBean.dataFormatConfig.log4jCustomLogFormat",
        "value" : "%r [%t] %-5p %c %x - %m%n"
      }, {
        "name" : "kafkaConfigBean.dataFormatConfig.avroSchemaSource",
        "value" : null
      }, {
        "name" : "kafkaConfigBean.dataFormatConfig.avroSchema",
        "value" : null
      }, {
        "name" : "kafkaConfigBean.dataFormatConfig.schemaRegistryUrls",
        "value" : [ ]
      }, {
        "name" : "kafkaConfigBean.dataFormatConfig.schemaLookupMode",
        "value" : "SUBJECT"
      }, {
        "name" : "kafkaConfigBean.dataFormatConfig.subject",
        "value" : null
      }, {
        "name" : "kafkaConfigBean.dataFormatConfig.schemaId",
        "value" : null
      }, {
        "name" : "kafkaConfigBean.dataFormatConfig.protoDescriptorFile",
        "value" : null
      }, {
        "name" : "kafkaConfigBean.dataFormatConfig.messageType",
        "value" : null
      }, {
        "name" : "kafkaConfigBean.dataFormatConfig.isDelimited",
        "value" : true
      }, {
        "name" : "kafkaConfigBean.dataFormatConfig.binaryMaxObjectLen",
        "value" : 1024
      }, {
        "name" : "kafkaConfigBean.dataFormatConfig.datagramMode",
        "value" : "SYSLOG"
      }, {
        "name" : "kafkaConfigBean.dataFormatConfig.typesDbPath",
        "value" : null
      }, {
        "name" : "kafkaConfigBean.dataFormatConfig.convertTime",
        "value" : false
      }, {
        "name" : "kafkaConfigBean.dataFormatConfig.excludeInterval",
        "value" : true
      }, {
        "name" : "kafkaConfigBean.dataFormatConfig.authFilePath",
        "value" : null
      }, {
        "name" : "kafkaConfigBean.dataFormatConfig.netflowOutputValuesMode",
        "value" : "RAW_AND_INTERPRETED"
      }, {
        "name" : "kafkaConfigBean.dataFormatConfig.maxTemplateCacheSize",
        "value" : -1
      }, {
        "name" : "kafkaConfigBean.dataFormatConfig.templateCacheTimeoutMs",
        "value" : -1
      }, {
        "name" : "kafkaConfigBean.dataFormatConfig.netflowOutputValuesModeDatagram",
        "value" : "RAW_AND_INTERPRETED"
      }, {
        "name" : "kafkaConfigBean.dataFormatConfig.maxTemplateCacheSizeDatagram",
        "value" : -1
      }, {
        "name" : "kafkaConfigBean.dataFormatConfig.templateCacheTimeoutMsDatagram",
        "value" : -1
      }, {
        "name" : "kafkaConfigBean.dataFormatConfig.wholeFileMaxObjectLen",
        "value" : 8192
      }, {
        "name" : "kafkaConfigBean.dataFormatConfig.rateLimit",
        "value" : "-1"
      }, {
        "name" : "kafkaConfigBean.dataFormatConfig.verifyChecksum",
        "value" : false
      }, {
        "name" : "kafkaConfigBean.dataFormatConfig.excelHeader",
        "value" : null
      }, {
        "name" : "kafkaConfigBean.dataFormat",
        "value" : "JSON"
      }, {
        "name" : "kafkaConfigBean.metadataBrokerList",
        "value" : "kafka:29092"
      }, {
        "name" : "kafkaConfigBean.zookeeperConnect",
        "value" : "zookeeper:32181"
      }, {
        "name" : "kafkaConfigBean.consumerGroup",
        "value" : "StreamSets_in_es_metricbeat_elasticsearch"
      }, {
        "name" : "kafkaConfigBean.topic",
        "value" : "in_es_metricbeat"
      }, {
        "name" : "kafkaConfigBean.produceSingleRecordPerMessage",
        "value" : false
      }, {
        "name" : "kafkaConfigBean.maxBatchSize",
        "value" : 1000
      }, {
        "name" : "kafkaConfigBean.maxWaitTime",
        "value" : 2000
      }, {
        "name" : "kafkaConfigBean.maxRatePerPartition",
        "value" : 1000
      }, {
        "name" : "kafkaConfigBean.keyDeserializer",
        "value" : "STRING"
      }, {
        "name" : "kafkaConfigBean.valueDeserializer",
        "value" : "DEFAULT"
      }, {
        "name" : "kafkaConfigBean.kafkaConsumerConfigs",
        "value" : [ ]
      }, {
        "name" : "stageOnRecordError",
        "value" : "TO_ERROR"
      } ],
      "uiInfo" : {
        "yPos" : 50,
        "stageType" : "SOURCE",
        "rawSource" : {
          "configuration" : [ {
            "name" : "brokerHost",
            "value" : "localhost"
          }, {
            "name" : "brokerPort",
            "value" : 9092
          }, {
            "name" : "topic",
            "value" : "myTopic"
          }, {
            "name" : "partition",
            "value" : 0
          }, {
            "name" : "maxWaitTime",
            "value" : 1000
          } ]
        },
        "description" : "",
        "label" : "Consume in_es_metricbeat",
        "xPos" : 60
      },
      "inputLanes" : [ ],
      "outputLanes" : [ "KafkaConsumer_01OutputLane15384630000320" ],
      "eventLanes" : [ ],
      "services" : [ ]
    }, {
      "instanceName" : "StreamSelector_01",
      "library" : "streamsets-datacollector-basic-lib",
      "stageName" : "com_streamsets_pipeline_stage_processor_selector_SelectorDProcessor",
      "stageVersion" : "1",
      "configuration" : [ {
        "name" : "lanePredicates",
        "value" : [ {
          "outputLane" : "StreamSelector_01OutputLane1538641866496",
          "predicate" : "${record:value('/elasticsearch')!=NULL}"
        }, {
          "outputLane" : "StreamSelector_01OutputLane1538641529589",
          "predicate" : "default"
        } ]
      }, {
        "name" : "stageOnRecordError",
        "value" : "TO_ERROR"
      }, {
        "name" : "stageRequiredFields",
        "value" : [ ]
      }, {
        "name" : "stageRecordPreconditions",
        "value" : [ ]
      } ],
      "uiInfo" : {
        "description" : "",
        "label" : "Metricbeat Dataset Selector",
        "xPos" : 251.37515258789062,
        "yPos" : 51.60530090332031,
        "stageType" : "PROCESSOR"
      },
      "inputLanes" : [ "KafkaConsumer_01OutputLane15384630000320" ],
      "outputLanes" : [ "StreamSelector_01OutputLane1538641866496", "StreamSelector_01OutputLane1538641529589" ],
      "eventLanes" : [ ],
      "services" : [ ]
    }, {
      "instanceName" : "JavaScriptEvaluator_01",
      "library" : "streamsets-datacollector-basic-lib",
      "stageName" : "com_streamsets_pipeline_stage_processor_javascript_JavaScriptDProcessor",
      "stageVersion" : "2",
      "configuration" : [ {
        "name" : "processingMode",
        "value" : "BATCH"
      }, {
        "name" : "initScript",
        "value" : ""
      }, {
        "name" : "script",
        "value" : "for(var i = 0; i < records.length; i++) {\n  try {\n\n    records[i].value.beat_name = records[i].value.beat.name;\n    records[i].value.beat_hostname = records[i].value.beat.hostname;\n\n    // Write record to processor output\n    output.write(records[i]);\n  } catch (e) {\n    // Send record to error\n    error.write(records[i], e);\n  }\n}"
      }, {
        "name" : "destroyScript",
        "value" : "/**\n * Available Objects:\n * \n *  state: a dict that is preserved between invocations of this script. \n *        Useful for caching bits of data e.g. counters and long-lived resources.\n *\n *  log.<loglevel>(msg, obj...): use instead of print to send log messages to the log4j log instead of stdout.\n *                               loglevel is any log4j level: e.g. info, error, warn, trace.\n *   sdcFunctions.getFieldNull(Record, 'field path'): Receive a constant defined above \n *                          to check if the field is typed field with value null\n *   sdcFunctions.createMap(boolean listMap): Create a map for use as a field in a record. \n *                          Pass true to this function to create a list map (ordered map)\n *   sdcFunctions.createEvent(String type, int version): Creates a new event.\n *                          Create new empty event with standard headers.\n *   sdcFunctions.toEvent(Record): Send event to event stream\n *                          Only events created with sdcFunctions.createEvent are supported.\n */\n\n// state['connection'].close();"
      }, {
        "name" : "stageOnRecordError",
        "value" : "TO_ERROR"
      }, {
        "name" : "stageRequiredFields",
        "value" : [ ]
      }, {
        "name" : "stageRecordPreconditions",
        "value" : [ ]
      } ],
      "uiInfo" : {
        "description" : "",
        "label" : "Set timestamp, flatten beat",
        "xPos" : 500,
        "yPos" : 40,
        "stageType" : "PROCESSOR"
      },
      "inputLanes" : [ "StreamSelector_01OutputLane1538641866496" ],
      "outputLanes" : [ "JavaScriptEvaluator_01OutputLane15386575048210" ],
      "eventLanes" : [ ],
      "services" : [ ]
    }, {
      "instanceName" : "FieldRemover_01",
      "library" : "streamsets-datacollector-basic-lib",
      "stageName" : "com_streamsets_pipeline_stage_processor_fieldfilter_FieldFilterDProcessor",
      "stageVersion" : "1",
      "configuration" : [ {
        "name" : "filterOperation",
        "value" : "REMOVE"
      }, {
        "name" : "fields",
        "value" : [ "/host", "/beat", "/'@metadata'", "/_id", "/_index", "/_type", "/_score" ]
      }, {
        "name" : "stageRequiredFields",
        "value" : [ ]
      }, {
        "name" : "stageRecordPreconditions",
        "value" : [ ]
      } ],
      "uiInfo" : {
        "description" : "",
        "label" : "Remove fields",
        "xPos" : 720,
        "yPos" : 40,
        "stageType" : "PROCESSOR"
      },
      "inputLanes" : [ "JavaScriptEvaluator_01OutputLane15386575048210" ],
      "outputLanes" : [ "FieldRemover_01OutputLane15386572489230" ],
      "eventLanes" : [ ],
      "services" : [ ]
    }, {
      "instanceName" : "FieldFlattener_02",
      "library" : "streamsets-datacollector-basic-lib",
      "stageName" : "com_streamsets_pipeline_stage_processor_fieldflattener_FieldFlattenerDProcessor",
      "stageVersion" : "1",
      "configuration" : [ {
        "name" : "config.flattenType",
        "value" : "ENTIRE_RECORD"
      }, {
        "name" : "config.fields",
        "value" : [ "" ]
      }, {
        "name" : "config.flattenInPlace",
        "value" : true
      }, {
        "name" : "config.flattenTargetField",
        "value" : null
      }, {
        "name" : "config.collisionFieldAction",
        "value" : "TO_ERROR"
      }, {
        "name" : "config.removeFlattenedField",
        "value" : true
      }, {
        "name" : "config.nameSeparator",
        "value" : "_"
      }, {
        "name" : "stageOnRecordError",
        "value" : "TO_ERROR"
      }, {
        "name" : "stageRequiredFields",
        "value" : [ ]
      }, {
        "name" : "stageRecordPreconditions",
        "value" : [ ]
      } ],
      "uiInfo" : {
        "description" : "",
        "label" : "Flatten all",
        "xPos" : 940,
        "yPos" : 40,
        "stageType" : "PROCESSOR"
      },
      "inputLanes" : [ "FieldRemover_01OutputLane15386572489230" ],
      "outputLanes" : [ "FieldFlattener_02OutputLane15387257817210" ],
      "eventLanes" : [ ],
      "services" : [ ]
    }, {
      "instanceName" : "FieldRemover_02",
      "library" : "streamsets-datacollector-basic-lib",
      "stageName" : "com_streamsets_pipeline_stage_processor_fieldfilter_FieldFilterDProcessor",
      "stageVersion" : "1",
      "configuration" : [ {
        "name" : "filterOperation",
        "value" : "REMOVE"
      }, {
        "name" : "fields",
        "value" : [ "/metricset_host", "/metricset_rtt" ]
      }, {
        "name" : "stageRequiredFields",
        "value" : [ ]
      }, {
        "name" : "stageRecordPreconditions",
        "value" : [ ]
      } ],
      "uiInfo" : {
        "description" : "",
        "label" : "Remove metricset fields",
        "xPos" : 1160,
        "yPos" : 40,
        "stageType" : "PROCESSOR"
      },
      "inputLanes" : [ "FieldFlattener_02OutputLane15387257817210" ],
      "outputLanes" : [ "FieldRemover_02OutputLane15387537953970" ],
      "eventLanes" : [ ],
      "services" : [ ]
    }, {
      "instanceName" : "StreamSelector_02",
      "library" : "streamsets-datacollector-basic-lib",
      "stageName" : "com_streamsets_pipeline_stage_processor_selector_SelectorDProcessor",
      "stageVersion" : "1",
      "configuration" : [ {
        "name" : "lanePredicates",
        "value" : [ {
          "outputLane" : "StreamSelector_02OutputLane1538725744328",
          "predicate" : "${record:value('/metricset_name')==\"node\"}"
        }, {
          "outputLane" : "StreamSelector_02OutputLane15387243723610",
          "predicate" : "${record:value('/metricset_name')==\"node_stats\"}"
        }, {
          "outputLane" : "StreamSelector_02OutputLane15387243723611",
          "predicate" : "default"
        } ]
      }, {
        "name" : "stageOnRecordError",
        "value" : "TO_ERROR"
      }, {
        "name" : "stageRequiredFields",
        "value" : [ ]
      }, {
        "name" : "stageRecordPreconditions",
        "value" : [ ]
      } ],
      "uiInfo" : {
        "description" : "",
        "label" : "Metricbeat Elasticsearch Dataset Selector",
        "xPos" : 1380,
        "yPos" : 40,
        "stageType" : "PROCESSOR"
      },
      "inputLanes" : [ "FieldRemover_02OutputLane15387537953970" ],
      "outputLanes" : [ "StreamSelector_02OutputLane1538725744328", "StreamSelector_02OutputLane15387243723610", "StreamSelector_02OutputLane15387243723611" ],
      "eventLanes" : [ ],
      "services" : [ ]
    }, {
      "instanceName" : "FieldRenamer_01",
      "library" : "streamsets-datacollector-basic-lib",
      "stageName" : "com_streamsets_pipeline_stage_processor_fieldrenamer_FieldRenamerDProcessor",
      "stageVersion" : "2",
      "configuration" : [ {
        "name" : "renameMapping",
        "value" : [ {
          "fromFieldExpression" : "/elasticsearch.node_stats\\_(.*)",
          "toFieldExpression" : "/$1"
        } ]
      }, {
        "name" : "errorHandler.nonExistingFromFieldHandling",
        "value" : "TO_ERROR"
      }, {
        "name" : "errorHandler.existingToFieldHandling",
        "value" : "TO_ERROR"
      }, {
        "name" : "errorHandler.multipleFromFieldsMatching",
        "value" : "TO_ERROR"
      }, {
        "name" : "stageOnRecordError",
        "value" : "TO_ERROR"
      }, {
        "name" : "stageRequiredFields",
        "value" : [ ]
      }, {
        "name" : "stageRecordPreconditions",
        "value" : [ ]
      } ],
      "uiInfo" : {
        "description" : "",
        "label" : "Remove elasticsearch.node_stats",
        "xPos" : 1600,
        "yPos" : 160,
        "stageType" : "PROCESSOR"
      },
      "inputLanes" : [ "StreamSelector_02OutputLane15387243723610" ],
      "outputLanes" : [ "FieldRenamer_01OutputLane15386601302140" ],
      "eventLanes" : [ ],
      "services" : [ ]
    }, {
      "instanceName" : "KafkaProducer_01",
      "library" : "streamsets-datacollector-apache-kafka_2_0-lib",
      "stageName" : "com_streamsets_pipeline_stage_destination_kafka_KafkaDTarget",
      "stageVersion" : "4",
      "configuration" : [ {
        "name" : "conf.dataFormat",
        "value" : "JSON"
      }, {
        "name" : "conf.dataGeneratorFormatConfig.charset",
        "value" : "UTF-8"
      }, {
        "name" : "conf.dataGeneratorFormatConfig.csvFileFormat",
        "value" : "CSV"
      }, {
        "name" : "conf.dataGeneratorFormatConfig.csvHeader",
        "value" : "NO_HEADER"
      }, {
        "name" : "conf.dataGeneratorFormatConfig.csvReplaceNewLines",
        "value" : true
      }, {
        "name" : "conf.dataGeneratorFormatConfig.csvReplaceNewLinesString",
        "value" : " "
      }, {
        "name" : "conf.dataGeneratorFormatConfig.csvCustomDelimiter",
        "value" : "|"
      }, {
        "name" : "conf.dataGeneratorFormatConfig.csvCustomEscape",
        "value" : "\\"
      }, {
        "name" : "conf.dataGeneratorFormatConfig.csvCustomQuote",
        "value" : "\""
      }, {
        "name" : "conf.dataGeneratorFormatConfig.jsonMode",
        "value" : "MULTIPLE_OBJECTS"
      }, {
        "name" : "conf.dataGeneratorFormatConfig.textFieldPath",
        "value" : "/text"
      }, {
        "name" : "conf.dataGeneratorFormatConfig.textRecordSeparator",
        "value" : "\\n"
      }, {
        "name" : "conf.dataGeneratorFormatConfig.textFieldMissingAction",
        "value" : "ERROR"
      }, {
        "name" : "conf.dataGeneratorFormatConfig.textEmptyLineIfNull",
        "value" : false
      }, {
        "name" : "conf.dataGeneratorFormatConfig.avroSchemaSource",
        "value" : null
      }, {
        "name" : "conf.dataGeneratorFormatConfig.avroSchema",
        "value" : null
      }, {
        "name" : "conf.dataGeneratorFormatConfig.registerSchema",
        "value" : false
      }, {
        "name" : "conf.dataGeneratorFormatConfig.schemaRegistryUrlsForRegistration",
        "value" : [ ]
      }, {
        "name" : "conf.dataGeneratorFormatConfig.schemaRegistryUrls",
        "value" : [ ]
      }, {
        "name" : "conf.dataGeneratorFormatConfig.schemaLookupMode",
        "value" : "SUBJECT"
      }, {
        "name" : "conf.dataGeneratorFormatConfig.subject",
        "value" : null
      }, {
        "name" : "conf.dataGeneratorFormatConfig.subjectToRegister",
        "value" : null
      }, {
        "name" : "conf.dataGeneratorFormatConfig.schemaId",
        "value" : null
      }, {
        "name" : "conf.dataGeneratorFormatConfig.includeSchema",
        "value" : true
      }, {
        "name" : "conf.dataGeneratorFormatConfig.avroCompression",
        "value" : "NULL"
      }, {
        "name" : "conf.dataGeneratorFormatConfig.binaryFieldPath",
        "value" : "/"
      }, {
        "name" : "conf.dataGeneratorFormatConfig.protoDescriptorFile",
        "value" : null
      }, {
        "name" : "conf.dataGeneratorFormatConfig.messageType",
        "value" : null
      }, {
        "name" : "conf.dataGeneratorFormatConfig.fileNameEL",
        "value" : null
      }, {
        "name" : "conf.dataGeneratorFormatConfig.wholeFileExistsAction",
        "value" : "TO_ERROR"
      }, {
        "name" : "conf.dataGeneratorFormatConfig.includeChecksumInTheEvents",
        "value" : false
      }, {
        "name" : "conf.dataGeneratorFormatConfig.checksumAlgorithm",
        "value" : "MD5"
      }, {
        "name" : "conf.dataGeneratorFormatConfig.xmlPrettyPrint",
        "value" : true
      }, {
        "name" : "conf.dataGeneratorFormatConfig.xmlValidateSchema",
        "value" : false
      }, {
        "name" : "conf.dataGeneratorFormatConfig.xmlSchema",
        "value" : null
      }, {
        "name" : "conf.metadataBrokerList",
        "value" : "kafka:29092"
      }, {
        "name" : "conf.runtimeTopicResolution",
        "value" : false
      }, {
        "name" : "conf.topicExpression",
        "value" : "${record:value('/topic')}"
      }, {
        "name" : "conf.topicWhiteList",
        "value" : "*"
      }, {
        "name" : "conf.topic",
        "value" : "ES_METRICBEAT_ELASTICSEARCH_NODE_STATS"
      }, {
        "name" : "conf.partitionStrategy",
        "value" : "ROUND_ROBIN"
      }, {
        "name" : "conf.partition",
        "value" : "${0}"
      }, {
        "name" : "conf.singleMessagePerBatch",
        "value" : false
      }, {
        "name" : "conf.keySerializer",
        "value" : "STRING"
      }, {
        "name" : "conf.valueSerializer",
        "value" : "DEFAULT"
      }, {
        "name" : "conf.kafkaProducerConfigs",
        "value" : [ ]
      }, {
        "name" : "responseConf.sendResponseToOrigin",
        "value" : false
      }, {
        "name" : "responseConf.responseType",
        "value" : "SUCCESS_RECORDS"
      }, {
        "name" : "stageOnRecordError",
        "value" : "TO_ERROR"
      }, {
        "name" : "stageRequiredFields",
        "value" : [ ]
      }, {
        "name" : "stageRecordPreconditions",
        "value" : [ ]
      } ],
      "uiInfo" : {
        "description" : "",
        "label" : "ES_METRICBEAT_ ELASTICSEARCH_NODE_STATS",
        "xPos" : 1820,
        "yPos" : 160,
        "stageType" : "TARGET"
      },
      "inputLanes" : [ "FieldRenamer_01OutputLane15386601302140" ],
      "outputLanes" : [ ],
      "eventLanes" : [ ],
      "services" : [ ]
    }, {
      "instanceName" : "Trash_01",
      "library" : "streamsets-datacollector-basic-lib",
      "stageName" : "com_streamsets_pipeline_stage_destination_devnull_NullDTarget",
      "stageVersion" : "1",
      "configuration" : [ ],
      "uiInfo" : {
        "description" : "",
        "label" : "Trash 1",
        "xPos" : 1590,
        "yPos" : 318,
        "stageType" : "TARGET"
      },
      "inputLanes" : [ "StreamSelector_01OutputLane1538641529589", "StreamSelector_02OutputLane15387243723611" ],
      "outputLanes" : [ ],
      "eventLanes" : [ ],
      "services" : [ ]
    }, {
      "instanceName" : "FieldRenamer_02",
      "library" : "streamsets-datacollector-basic-lib",
      "stageName" : "com_streamsets_pipeline_stage_processor_fieldrenamer_FieldRenamerDProcessor",
      "stageVersion" : "2",
      "configuration" : [ {
        "name" : "renameMapping",
        "value" : [ {
          "fromFieldExpression" : "/elasticsearch.node\\_(.*)",
          "toFieldExpression" : "/$1"
        } ]
      }, {
        "name" : "errorHandler.nonExistingFromFieldHandling",
        "value" : "TO_ERROR"
      }, {
        "name" : "errorHandler.existingToFieldHandling",
        "value" : "TO_ERROR"
      }, {
        "name" : "errorHandler.multipleFromFieldsMatching",
        "value" : "TO_ERROR"
      }, {
        "name" : "stageOnRecordError",
        "value" : "TO_ERROR"
      }, {
        "name" : "stageRequiredFields",
        "value" : [ ]
      }, {
        "name" : "stageRecordPreconditions",
        "value" : [ ]
      } ],
      "uiInfo" : {
        "description" : "",
        "label" : "Remove elasticsearch.node",
        "xPos" : 1600,
        "yPos" : 30,
        "stageType" : "PROCESSOR"
      },
      "inputLanes" : [ "StreamSelector_02OutputLane1538725744328" ],
      "outputLanes" : [ "FieldRenamer_02OutputLane15387268906180" ],
      "eventLanes" : [ ],
      "services" : [ ]
    }, {
      "instanceName" : "KafkaProducer_02",
      "library" : "streamsets-datacollector-apache-kafka_2_0-lib",
      "stageName" : "com_streamsets_pipeline_stage_destination_kafka_KafkaDTarget",
      "stageVersion" : "4",
      "configuration" : [ {
        "name" : "conf.dataFormat",
        "value" : "JSON"
      }, {
        "name" : "conf.dataGeneratorFormatConfig.charset",
        "value" : "UTF-8"
      }, {
        "name" : "conf.dataGeneratorFormatConfig.csvFileFormat",
        "value" : "CSV"
      }, {
        "name" : "conf.dataGeneratorFormatConfig.csvHeader",
        "value" : "NO_HEADER"
      }, {
        "name" : "conf.dataGeneratorFormatConfig.csvReplaceNewLines",
        "value" : true
      }, {
        "name" : "conf.dataGeneratorFormatConfig.csvReplaceNewLinesString",
        "value" : " "
      }, {
        "name" : "conf.dataGeneratorFormatConfig.csvCustomDelimiter",
        "value" : "|"
      }, {
        "name" : "conf.dataGeneratorFormatConfig.csvCustomEscape",
        "value" : "\\"
      }, {
        "name" : "conf.dataGeneratorFormatConfig.csvCustomQuote",
        "value" : "\""
      }, {
        "name" : "conf.dataGeneratorFormatConfig.jsonMode",
        "value" : "MULTIPLE_OBJECTS"
      }, {
        "name" : "conf.dataGeneratorFormatConfig.textFieldPath",
        "value" : "/text"
      }, {
        "name" : "conf.dataGeneratorFormatConfig.textRecordSeparator",
        "value" : "\\n"
      }, {
        "name" : "conf.dataGeneratorFormatConfig.textFieldMissingAction",
        "value" : "ERROR"
      }, {
        "name" : "conf.dataGeneratorFormatConfig.textEmptyLineIfNull",
        "value" : false
      }, {
        "name" : "conf.dataGeneratorFormatConfig.avroSchemaSource",
        "value" : null
      }, {
        "name" : "conf.dataGeneratorFormatConfig.avroSchema",
        "value" : null
      }, {
        "name" : "conf.dataGeneratorFormatConfig.registerSchema",
        "value" : false
      }, {
        "name" : "conf.dataGeneratorFormatConfig.schemaRegistryUrlsForRegistration",
        "value" : [ ]
      }, {
        "name" : "conf.dataGeneratorFormatConfig.schemaRegistryUrls",
        "value" : [ ]
      }, {
        "name" : "conf.dataGeneratorFormatConfig.schemaLookupMode",
        "value" : "SUBJECT"
      }, {
        "name" : "conf.dataGeneratorFormatConfig.subject",
        "value" : null
      }, {
        "name" : "conf.dataGeneratorFormatConfig.subjectToRegister",
        "value" : null
      }, {
        "name" : "conf.dataGeneratorFormatConfig.schemaId",
        "value" : null
      }, {
        "name" : "conf.dataGeneratorFormatConfig.includeSchema",
        "value" : true
      }, {
        "name" : "conf.dataGeneratorFormatConfig.avroCompression",
        "value" : "NULL"
      }, {
        "name" : "conf.dataGeneratorFormatConfig.binaryFieldPath",
        "value" : "/"
      }, {
        "name" : "conf.dataGeneratorFormatConfig.protoDescriptorFile",
        "value" : null
      }, {
        "name" : "conf.dataGeneratorFormatConfig.messageType",
        "value" : null
      }, {
        "name" : "conf.dataGeneratorFormatConfig.fileNameEL",
        "value" : null
      }, {
        "name" : "conf.dataGeneratorFormatConfig.wholeFileExistsAction",
        "value" : "TO_ERROR"
      }, {
        "name" : "conf.dataGeneratorFormatConfig.includeChecksumInTheEvents",
        "value" : false
      }, {
        "name" : "conf.dataGeneratorFormatConfig.checksumAlgorithm",
        "value" : "MD5"
      }, {
        "name" : "conf.dataGeneratorFormatConfig.xmlPrettyPrint",
        "value" : true
      }, {
        "name" : "conf.dataGeneratorFormatConfig.xmlValidateSchema",
        "value" : false
      }, {
        "name" : "conf.dataGeneratorFormatConfig.xmlSchema",
        "value" : null
      }, {
        "name" : "conf.metadataBrokerList",
        "value" : "kafka:29092"
      }, {
        "name" : "conf.runtimeTopicResolution",
        "value" : false
      }, {
        "name" : "conf.topicExpression",
        "value" : "${record:value('/topic')}"
      }, {
        "name" : "conf.topicWhiteList",
        "value" : "*"
      }, {
        "name" : "conf.topic",
        "value" : "ES_METRICBEAT_ELASTICSEARCH_NODE"
      }, {
        "name" : "conf.partitionStrategy",
        "value" : "ROUND_ROBIN"
      }, {
        "name" : "conf.partition",
        "value" : "${0}"
      }, {
        "name" : "conf.singleMessagePerBatch",
        "value" : false
      }, {
        "name" : "conf.keySerializer",
        "value" : "STRING"
      }, {
        "name" : "conf.valueSerializer",
        "value" : "DEFAULT"
      }, {
        "name" : "conf.kafkaProducerConfigs",
        "value" : [ ]
      }, {
        "name" : "responseConf.sendResponseToOrigin",
        "value" : false
      }, {
        "name" : "responseConf.responseType",
        "value" : "SUCCESS_RECORDS"
      }, {
        "name" : "stageOnRecordError",
        "value" : "TO_ERROR"
      }, {
        "name" : "stageRequiredFields",
        "value" : [ ]
      }, {
        "name" : "stageRecordPreconditions",
        "value" : [ ]
      } ],
      "uiInfo" : {
        "description" : "",
        "label" : "ES_METRICBEAT_ ELASTICSEARCH_NODE",
        "xPos" : 1820,
        "yPos" : 31.144996643066406,
        "stageType" : "TARGET"
      },
      "inputLanes" : [ "FieldRenamer_02OutputLane15387268906180" ],
      "outputLanes" : [ ],
      "eventLanes" : [ ],
      "services" : [ ]
    } ],
    "errorStage" : {
      "instanceName" : "Discard_ErrorStage",
      "library" : "streamsets-datacollector-basic-lib",
      "stageName" : "com_streamsets_pipeline_stage_destination_devnull_ToErrorNullDTarget",
      "stageVersion" : "1",
      "configuration" : [ ],
      "uiInfo" : {
        "description" : "",
        "label" : "Error Records - Discard",
        "xPos" : 280,
        "yPos" : 50,
        "stageType" : "TARGET"
      },
      "inputLanes" : [ ],
      "outputLanes" : [ ],
      "eventLanes" : [ ],
      "services" : [ ]
    },
    "info" : {
      "pipelineId" : "ESMETRICBEATELASTICSEARCHProcessor6b127302-a6d0-4931-a8ef-0d50d2218768",
      "title" : "ES_METRICBEAT_ELASTICSEARCH Processor",
      "description" : "",
      "created" : 1539238403201,
      "lastModified" : 1539238403227,
      "creator" : "admin",
      "lastModifier" : "admin",
      "lastRev" : "0",
      "uuid" : "4fd7d92d-06fc-419a-82ea-f701aa48d9c2",
      "valid" : true,
      "metadata" : {
        "labels" : [ ]
      },
      "name" : "ESMETRICBEATELASTICSEARCHProcessor6b127302-a6d0-4931-a8ef-0d50d2218768",
      "sdcVersion" : "3.5.0",
      "sdcId" : "6390a4ac-cc9f-11e8-b974-354bcd4e225a"
    },
    "metadata" : {
      "labels" : [ ]
    },
    "statsAggregatorStage" : {
      "instanceName" : "statsAggregatorStageInstance",
      "library" : "streamsets-datacollector-basic-lib",
      "stageName" : "com_streamsets_pipeline_stage_destination_devnull_StatsDpmDirectlyDTarget",
      "stageVersion" : "1",
      "configuration" : [ ],
      "uiInfo" : {
        "stageType" : "TARGET",
        "label" : "Stats Aggregator -Write to Control Hub directly"
      },
      "inputLanes" : [ ],
      "outputLanes" : [ ],
      "eventLanes" : [ ],
      "services" : [ ]
    },
    "startEventStages" : [ {
      "instanceName" : "Discard_StartEventStage",
      "library" : "streamsets-datacollector-basic-lib",
      "stageName" : "com_streamsets_pipeline_stage_destination_devnull_ToErrorNullDTarget",
      "stageVersion" : "1",
      "configuration" : [ ],
      "uiInfo" : {
        "description" : "",
        "label" : "Start Event - Discard",
        "xPos" : 280,
        "yPos" : 50,
        "stageType" : "TARGET"
      },
      "inputLanes" : [ ],
      "outputLanes" : [ ],
      "eventLanes" : [ ],
      "services" : [ ]
    } ],
    "stopEventStages" : [ {
      "instanceName" : "Discard_StopEventStage",
      "library" : "streamsets-datacollector-basic-lib",
      "stageName" : "com_streamsets_pipeline_stage_destination_devnull_ToErrorNullDTarget",
      "stageVersion" : "1",
      "configuration" : [ ],
      "uiInfo" : {
        "description" : "",
        "label" : "Stop Event - Discard",
        "xPos" : 280,
        "yPos" : 50,
        "stageType" : "TARGET"
      },
      "inputLanes" : [ ],
      "outputLanes" : [ ],
      "eventLanes" : [ ],
      "services" : [ ]
    } ],
    "testOriginStage" : {
      "instanceName" : "com_streamsets_pipeline_stage_devtest_rawdata_RawDataDSource_TestOriginStage",
      "library" : "streamsets-datacollector-dev-lib",
      "stageName" : "com_streamsets_pipeline_stage_devtest_rawdata_RawDataDSource",
      "stageVersion" : "3",
      "configuration" : [ {
        "name" : "rawData",
        "value" : "{\n  \"f1\": \"abc\",\n  \"f2\": \"xyz\",\n  \"f3\": \"lmn\"\n}"
      }, {
        "name" : "stopAfterFirstBatch",
        "value" : false
      }, {
        "name" : "stageOnRecordError",
        "value" : "TO_ERROR"
      } ],
      "uiInfo" : {
        "stageType" : "SOURCE",
        "label" : "Test Origin - Dev Raw Data Source"
      },
      "inputLanes" : [ ],
      "outputLanes" : [ "com_streamsets_pipeline_stage_devtest_rawdata_RawDataDSource_TestOriginStageOutputLane1" ],
      "eventLanes" : [ ],
      "services" : [ {
        "service" : "com.streamsets.pipeline.api.service.dataformats.DataFormatParserService",
        "serviceVersion" : 1,
        "configuration" : [ {
          "name" : "displayFormats",
          "value" : "DELIMITED,JSON,LOG,SDC_JSON,TEXT,XML"
        }, {
          "name" : "dataFormat",
          "value" : "JSON"
        }, {
          "name" : "dataFormatConfig.compression",
          "value" : "NONE"
        }, {
          "name" : "dataFormatConfig.filePatternInArchive",
          "value" : "*"
        }, {
          "name" : "dataFormatConfig.charset",
          "value" : "UTF-8"
        }, {
          "name" : "dataFormatConfig.removeCtrlChars",
          "value" : false
        }, {
          "name" : "dataFormatConfig.textMaxLineLen",
          "value" : 1024
        }, {
          "name" : "dataFormatConfig.useCustomDelimiter",
          "value" : false
        }, {
          "name" : "dataFormatConfig.customDelimiter",
          "value" : "\\r\\n"
        }, {
          "name" : "dataFormatConfig.includeCustomDelimiterInTheText",
          "value" : false
        }, {
          "name" : "dataFormatConfig.jsonContent",
          "value" : "MULTIPLE_OBJECTS"
        }, {
          "name" : "dataFormatConfig.jsonMaxObjectLen",
          "value" : 4096
        }, {
          "name" : "dataFormatConfig.csvFileFormat",
          "value" : "CSV"
        }, {
          "name" : "dataFormatConfig.csvHeader",
          "value" : "NO_HEADER"
        }, {
          "name" : "dataFormatConfig.csvAllowExtraColumns",
          "value" : false
        }, {
          "name" : "dataFormatConfig.csvExtraColumnPrefix",
          "value" : "_extra_"
        }, {
          "name" : "dataFormatConfig.csvMaxObjectLen",
          "value" : 1024
        }, {
          "name" : "dataFormatConfig.csvCustomDelimiter",
          "value" : "|"
        }, {
          "name" : "dataFormatConfig.csvCustomEscape",
          "value" : "\\"
        }, {
          "name" : "dataFormatConfig.csvCustomQuote",
          "value" : "\""
        }, {
          "name" : "dataFormatConfig.csvEnableComments",
          "value" : false
        }, {
          "name" : "dataFormatConfig.csvCommentMarker",
          "value" : "#"
        }, {
          "name" : "dataFormatConfig.csvIgnoreEmptyLines",
          "value" : false
        }, {
          "name" : "dataFormatConfig.csvRecordType",
          "value" : "LIST_MAP"
        }, {
          "name" : "dataFormatConfig.csvSkipStartLines",
          "value" : 0
        }, {
          "name" : "dataFormatConfig.parseNull",
          "value" : false
        }, {
          "name" : "dataFormatConfig.nullConstant",
          "value" : "\\\\N"
        }, {
          "name" : "dataFormatConfig.xmlRecordElement",
          "value" : null
        }, {
          "name" : "dataFormatConfig.includeFieldXpathAttributes",
          "value" : false
        }, {
          "name" : "dataFormatConfig.xPathNamespaceContext",
          "value" : [ ]
        }, {
          "name" : "dataFormatConfig.outputFieldAttributes",
          "value" : false
        }, {
          "name" : "dataFormatConfig.xmlMaxObjectLen",
          "value" : 4096
        }, {
          "name" : "dataFormatConfig.logMode",
          "value" : "COMMON_LOG_FORMAT"
        }, {
          "name" : "dataFormatConfig.logMaxObjectLen",
          "value" : 1024
        }, {
          "name" : "dataFormatConfig.retainOriginalLine",
          "value" : false
        }, {
          "name" : "dataFormatConfig.customLogFormat",
          "value" : "%h %l %u %t \"%r\" %>s %b"
        }, {
          "name" : "dataFormatConfig.regex",
          "value" : "^(\\S+) (\\S+) (\\S+) \\[([\\w:/]+\\s[+\\-]\\d{4})\\] \"(\\S+) (\\S+) (\\S+)\" (\\d{3}) (\\d+)"
        }, {
          "name" : "dataFormatConfig.fieldPathsToGroupName",
          "value" : [ {
            "fieldPath" : "/",
            "group" : 1
          } ]
        }, {
          "name" : "dataFormatConfig.grokPatternDefinition",
          "value" : null
        }, {
          "name" : "dataFormatConfig.grokPattern",
          "value" : "%{COMMONAPACHELOG}"
        }, {
          "name" : "dataFormatConfig.onParseError",
          "value" : "ERROR"
        }, {
          "name" : "dataFormatConfig.maxStackTraceLines",
          "value" : 50
        }, {
          "name" : "dataFormatConfig.enableLog4jCustomLogFormat",
          "value" : false
        }, {
          "name" : "dataFormatConfig.log4jCustomLogFormat",
          "value" : "%r [%t] %-5p %c %x - %m%n"
        }, {
          "name" : "dataFormatConfig.avroSchemaSource",
          "value" : null
        }, {
          "name" : "dataFormatConfig.avroSchema",
          "value" : null
        }, {
          "name" : "dataFormatConfig.schemaRegistryUrls",
          "value" : [ ]
        }, {
          "name" : "dataFormatConfig.schemaLookupMode",
          "value" : "SUBJECT"
        }, {
          "name" : "dataFormatConfig.subject",
          "value" : null
        }, {
          "name" : "dataFormatConfig.schemaId",
          "value" : null
        }, {
          "name" : "dataFormatConfig.protoDescriptorFile",
          "value" : null
        }, {
          "name" : "dataFormatConfig.messageType",
          "value" : null
        }, {
          "name" : "dataFormatConfig.isDelimited",
          "value" : false
        }, {
          "name" : "dataFormatConfig.binaryMaxObjectLen",
          "value" : 1024
        }, {
          "name" : "dataFormatConfig.datagramMode",
          "value" : "SYSLOG"
        }, {
          "name" : "dataFormatConfig.typesDbPath",
          "value" : null
        }, {
          "name" : "dataFormatConfig.convertTime",
          "value" : false
        }, {
          "name" : "dataFormatConfig.excludeInterval",
          "value" : false
        }, {
          "name" : "dataFormatConfig.authFilePath",
          "value" : null
        }, {
          "name" : "dataFormatConfig.netflowOutputValuesMode",
          "value" : "RAW_AND_INTERPRETED"
        }, {
          "name" : "dataFormatConfig.maxTemplateCacheSize",
          "value" : -1
        }, {
          "name" : "dataFormatConfig.templateCacheTimeoutMs",
          "value" : -1
        }, {
          "name" : "dataFormatConfig.netflowOutputValuesModeDatagram",
          "value" : "RAW_AND_INTERPRETED"
        }, {
          "name" : "dataFormatConfig.maxTemplateCacheSizeDatagram",
          "value" : -1
        }, {
          "name" : "dataFormatConfig.templateCacheTimeoutMsDatagram",
          "value" : -1
        }, {
          "name" : "dataFormatConfig.wholeFileMaxObjectLen",
          "value" : 8192
        }, {
          "name" : "dataFormatConfig.rateLimit",
          "value" : "-1"
        }, {
          "name" : "dataFormatConfig.verifyChecksum",
          "value" : false
        }, {
          "name" : "dataFormatConfig.excelHeader",
          "value" : null
        } ]
      } ]
    },
    "valid" : true,
    "issues" : {
      "issueCount" : 0,
      "stageIssues" : { },
      "pipelineIssues" : [ ]
    },
    "previewable" : false
  },
  "pipelineRules" : {
    "schemaVersion" : 3,
    "version" : 2,
    "metricsRuleDefinitions" : [ {
      "id" : "badRecordsAlertID",
      "alertText" : "High incidence of Error Records",
      "metricId" : "pipeline.batchErrorRecords.counter",
      "metricType" : "COUNTER",
      "metricElement" : "COUNTER_COUNT",
      "condition" : "${value() > 100}",
      "sendEmail" : false,
      "enabled" : false,
      "timestamp" : 1538460061721,
      "valid" : true
    }, {
      "id" : "stageErrorAlertID",
      "alertText" : "High incidence of Stage Errors",
      "metricId" : "pipeline.batchErrorMessages.counter",
      "metricType" : "COUNTER",
      "metricElement" : "COUNTER_COUNT",
      "condition" : "${value() > 100}",
      "sendEmail" : false,
      "enabled" : false,
      "timestamp" : 1538460061721,
      "valid" : true
    }, {
      "id" : "idleGaugeID",
      "alertText" : "Pipeline is Idle",
      "metricId" : "RuntimeStatsGauge.gauge",
      "metricType" : "GAUGE",
      "metricElement" : "TIME_OF_LAST_RECEIVED_RECORD",
      "condition" : "${time:now() - value() > 120000}",
      "sendEmail" : false,
      "enabled" : false,
      "timestamp" : 1538460061721,
      "valid" : true
    }, {
      "id" : "batchTimeAlertID",
      "alertText" : "Batch taking more time to process",
      "metricId" : "RuntimeStatsGauge.gauge",
      "metricType" : "GAUGE",
      "metricElement" : "CURRENT_BATCH_AGE",
      "condition" : "${value() > 200}",
      "sendEmail" : false,
      "enabled" : false,
      "timestamp" : 1538460061721,
      "valid" : true
    }, {
      "id" : "memoryLimitAlertID",
      "alertText" : "Memory limit for pipeline exceeded",
      "metricId" : "pipeline.memoryConsumed.counter",
      "metricType" : "COUNTER",
      "metricElement" : "COUNTER_COUNT",
      "condition" : "${value() > (jvm:maxMemoryMB() * 0.65)}",
      "sendEmail" : false,
      "enabled" : false,
      "timestamp" : 1538460061721,
      "valid" : true
    } ],
    "dataRuleDefinitions" : [ ],
    "driftRuleDefinitions" : [ ],
    "uuid" : "316b12ca-ec07-452a-8508-1597e441c614",
    "configuration" : [ {
      "name" : "emailIDs",
      "value" : [ ]
    }, {
      "name" : "webhookConfigs",
      "value" : [ ]
    } ],
    "ruleIssues" : null,
    "configIssues" : null
  },
  "libraryDefinitions" : null
}